Date,Home Team,Away Team,Home Score,Away Score,Overtime?,Playoff Game?,Neutral Venue?,Home Odds Open,Home Odds Min,Home Odds Max,Home Odds Close,Away Odds Open,Away Odds Min,Away Odds Max,Away Odds Close,Home Line Open,Home Line Min,Home Line Max,Home Line Close,Away Line Open,Away Line Min,Away Line Max,Away Line Close,Home Line Odds Open,Home Line Odds Min,Home Line Odds Max,Home Line Odds Close,Away Line Odds Open,Away Line Odds Min,Away Line Odds Max,Away Line Odds Close,Total Score Open,Total Score Min,Total Score Max,Total Score Close,Total Score Over Open,Total Score Over Min,Total Score Over Max,Total Score Over Close,Total Score Under Open,Total Score Under Min,Total Score Under Max,Total Score Under Close,Notes
2023-02-12,Philadelphia Eagles,Kansas City Chiefs,35,38,,Y,Y,1.83,1.74,1.83,1.83,2,2,2.15,2,-1.5,-2.5,-1,-1,1.5,1,2.5,1,1.91,1.91,1.91,1.91,1.91,1.91,1.91,1.91,49.5,49.5,51.5,51.5,1.91,1.91,1.91,1.91,1.91,1.91,1.91,1.91,
2023-01-29,Kansas City Chiefs,Cincinnati Bengals,23,20,,Y,,1.87,1.77,2.2,1.77,1.95,1.71,2.1,2.1,-1,-2,2.5,-2,1,-2.5,2,2,1.91,1.91,1.91,1.91,1.91,1.91,1.91,1.91,47.5,46.5,48.5,48.5,1.91,1.91,1.91,1.91,1.91,1.91,1.91,1.91,
2023-01-29,Philadelphia Eagles,San Francisco 49ers,31,7,,Y,,1.77,1.65,1.77,1.65,2.1,2.1,2.35,2.35,-1.5,-3,-1.5,-3,1.5,1.5,3,3,1.87,2,1.87,2,1.95,1.95,1.83,1.83,45.5,45,46.5,45,1.91,1.91,1.91,1.91,1.91,1.91,1.91,1.91,
2023-01-22,San Francisco 49ers,Dallas Cowboys,19,12,,Y,,1.5,1.48,1.54,1.5,2.7,2.65,2.75,2.7,-4,-4,-3.5,-3.5,4,3.5,4,3.5,1.91,1.91,1.91,1.91,1.91,1.91,1.91,1.91,46,45.5,47,46.5,1.91,1.91,1.91,1.91,1.91,1.91,1.91,1.91,
2023-01-22,Buffalo Bills,Cincinnati Bengals,10,27,,Y,,1.52,1.38,1.52,1.38,2.67,2.67,3.15,3.15,-4,-6,-4,-6,4,4,6,6,1.95,1.91,1.95,1.91,1.87,1.87,1.91,1.91,50,48,50.5,48.5,1.91,1.91,1.91,1.91,1.91,1.91,1.91,1.91,
2023-01-21,Philadelphia Eagles,New York Giants,38,7,,Y,,1.32,1.26,1.32,1.26,3.55,3.55,4.1,4,-7,-8,-7,-8,7,7,8,8,1.91,1.91,1.91,1.91,1.91,1.91,1.91,1.91,47,47,48.5,48,1.91,1.91,1.91,1.91,1.91,1.91,1.91,1.91,
2023-01-21,Kansas City Chiefs,Jacksonville Jaguars,27,20,,Y,,1.22,1.19,1.22,1.19,4.5,4.5,5,5,-9,-9.5,-8.5,-9.5,9,8.5,9.5,9.5,1.91,1.91,1.91,1.91,1.91,1.91,1.91,1.91,52,51.5,53,52,1.91,1.91,1.91,1.91,1.91,1.91,1.91,1.91,
2023-01-16,Tampa Bay Buccaneers,Dallas Cowboys,14,31,,Y,,2.45,2.2,2.45,2.25,1.61,1.61,1.71,1.69,3,2.5,3,2.5,-3,-3,-2.5,-2.5,1.91,1.91,1.91,2,1.91,1.91,1.91,1.83,44.5,44.5,45.5,45.5,1.91,1.91,1.91,1.91,1.91,1.91,1.91,1.91,
2023-01-15,Cincinnati Bengals,Baltimore Ravens,24,17,,Y,,1.33,1.18,1.34,1.24,3.4,3.35,5.25,4.25,-6.5,-9.5,-6.5,-8,6.5,6.5,9.5,8,1.91,1.91,1.91,1.91,1.91,1.91,1.91,1.91,43.5,40,43.5,40,1.91,1.91,1.91,1.91,1.91,1.91,1.91,1.91,
2023-01-15,Minnesota Vikings,New York Giants,24,31,,Y,,1.67,1.61,1.69,1.67,2.3,2.25,2.45,2.3,-3,-3,-2.5,-2.5,3,2.5,3,2.5,2,1.91,1.87,1.83,1.83,1.95,1.91,2,47.5,47.5,48.5,48,1.91,1.91,1.91,1.91,1.91,1.91,1.91,1.91,
2023-01-15,Buffalo Bills,Miami Dolphins,34,31,,Y,,1.17,1.1,1.2,1.1,5.5,4.75,7.5,7.5,-10.5,-14,-9,-14,10.5,9,14,14,1.91,1.91,1.91,1.95,1.91,1.91,1.91,1.87,44,43.5,46.5,44.5,1.91,1.91,1.91,1.91,1.91,1.91,1.91,1.91,
2023-01-14,Jacksonville Jaguars,Los Angeles Chargers,31,30,,Y,,2,1.95,2.25,2.2,1.83,1.69,1.87,1.71,1,1,2.5,2.5,-1,-2.5,-1,-2.5,1.91,1.91,1.91,1.91,1.91,1.91,1.91,1.91,47,46.5,47.5,46.5,1.91,1.91,1.91,1.91,1.91,1.91,1.91,1.91,
2023-01-14,San Francisco 49ers,Seattle Seahawks,41,23,,Y,,1.2,1.18,1.2,1.2,4.75,4.75,5.25,4.75,-10,-10,-9.5,-9.5,10,9.5,10,9.5,1.91,1.91,1.91,1.91,1.91,1.91,1.91,1.91,43.5,42,43.5,42,1.91,1.91,1.91,1.91,1.91,1.91,1.91,1.91,
2023-01-08,Green Bay Packers,Detroit Lions,16,20,,,,1.45,1.38,1.45,1.43,2.8,2.8,3.15,2.95,-4.5,-5,-4,-4,4.5,4,5,4,1.91,1.87,1.91,1.91,1.91,1.91,1.95,1.91,48.5,48,49.5,48,1.91,1.91,1.91,1.91,1.91,1.91,1.91,1.91,
2023-01-08,Atlanta Falcons,Tampa Bay Buccaneers,30,17,,,,1.91,1.29,1.91,1.38,1.91,1.91,3.7,3.15,-1,-8,0,-6,1,0,8,6,1.95,1.91,1.83,1.91,1.87,2,1.91,1.91,40,38.5,40.5,40.5,1.91,1.91,1.91,1.91,1.91,1.91,1.91,1.91,
2023-01-08,Buffalo Bills,New England Patriots,35,23,,,,1.2,1.2,1.32,1.26,4.75,3.5,4.75,4,-10,-10,-7,-8,10,7,10,8,1.91,1.91,1.91,1.91,1.91,1.91,1.91,1.91,43,42.5,44,44,1.91,1.91,1.91,1.91,1.91,1.91,1.91,1.91,
2023-01-08,Chicago Bears,Minnesota Vikings,13,29,,,,2.15,1.95,4,3.3,1.74,1.26,1.87,1.36,2.5,1,8,6.5,-2.5,-8,-1,-6.5,1.91,1.91,1.91,1.91,1.91,1.91,1.91,1.91,45.5,42.5,46.5,42.5,1.91,1.91,1.91,1.91,1.91,1.91,1.91,1.91,
2023-01-08,Cincinnati Bengals,Baltimore Ravens,27,16,,,,1.4,1.14,1.4,1.14,3.1,3.1,6,6,-6,-11,-6,-11,6,6,11,11,1.91,1.87,1.91,1.87,1.91,1.91,1.95,1.95,43,39,43,39,1.91,1.91,1.91,1.91,1.91,1.91,1.91,1.91,
2023-01-08,Denver Broncos,Los Angeles Chargers,31,28,,,,1.74,1.36,2.5,1.36,2.15,1.59,3.3,3.3,-2.5,-6.5,3.5,-6.5,2.5,-3.5,6.5,6.5,1.91,1.91,1.83,1.91,1.91,2,1.91,1.91,37.5,37.5,40.5,39,1.91,1.91,1.91,1.91,1.91,1.91,1.91,1.91,
2023-01-08,Indianapolis Colts,Houston Texans,31,32,,,,1.74,1.61,1.74,1.65,2.15,2.15,2.45,2.35,-2.5,-3,-2.5,-3,2.5,2.5,3,3,1.91,1.91,1.91,1.95,1.91,1.91,1.91,1.87,39,37.5,39,37.5,1.91,1.91,1.91,1.91,1.91,1.91,1.91,1.91,
2023-01-08,Jacksonville Jaguars,Tennessee Titans,20,16,,,,1.37,1.32,1.37,1.36,3.2,3.2,3.55,3.3,-6.5,-7,-5.5,-6.5,6.5,5.5,7,6.5,1.91,1.91,1.91,1.91,1.91,1.91,1.91,1.91,39.5,38.5,40,39.5,1.91,1.91,1.91,1.91,1.91,1.91,1.91,1.91,
2023-01-08,Miami Dolphins,New York Jets,11,6,,,,1.91,1.48,2,1.54,1.91,1.83,2.75,2.65,1,-3.5,1,-3.5,-1,-1,3.5,3.5,1.87,1.87,1.91,1.95,1.95,1.91,1.95,1.87,42,37,42,37.5,1.91,1.91,1.91,1.91,1.91,1.91,1.91,1.91,
2023-01-08,New Orleans Saints,Carolina Panthers,7,10,,,,1.63,1.45,1.63,1.56,2.4,2.4,2.8,2.6,-3,-5,-3,-3.5,3,3,5,3.5,1.91,1.91,1.91,1.95,1.91,1.91,1.91,1.87,39,39,42.5,41.5,1.91,1.91,1.91,1.91,1.91,1.91,1.91,1.91,
2023-01-08,Philadelphia Eagles,New York Giants,22,16,,,,1.77,1.06,1.77,1.06,2.1,2.1,10.5,10.5,-1.5,-17,-1.5,-17,1.5,1.5,17,17,1.91,1.91,1.91,1.91,1.91,1.91,1.91,1.91,40.5,40.5,43,43,1.91,1.91,1.91,1.91,1.91,1.91,1.91,1.91,
2023-01-08,Pittsburgh Steelers,Cleveland Browns,28,14,,,,1.83,1.63,1.83,1.69,2,2,2.4,2.25,-1,-3,-1,-2.5,1,1,3,2.5,1.91,1.95,1.91,1.87,1.91,1.91,1.87,1.95,42,39,42,40,1.91,1.91,1.91,1.91,1.91,1.91,1.91,1.91,
2023-01-08,Seattle Seahawks,Los Angeles Rams,19,16,Y,,,1.63,1.34,1.63,1.45,2.4,2.4,3.35,2.8,-3,-6.5,-3,-4.5,3,3,6.5,4.5,1.91,1.91,1.91,1.91,1.91,1.91,1.91,1.91,42.5,41.5,43,43,1.91,1.91,1.91,1.91,1.91,1.91,1.91,1.91,
2023-01-08,San Francisco 49ers,Arizona Cardinals,38,13,,,,1.19,1.08,1.19,1.08,5,5,8.5,8.5,-10.5,-14.5,-10.5,-14.5,10.5,10.5,14.5,14.5,1.91,1.91,1.91,1.91,1.91,1.91,1.91,1.91,40,39.5,40.5,40,1.91,1.91,1.91,1.91,1.91,1.91,1.91,1.91,
2023-01-08,Washington Commanders,Dallas Cowboys,26,6,,,,1.48,1.48,3.75,3.75,2.75,1.29,2.75,1.29,-4.5,-4.5,7.5,7.5,4.5,-7.5,4.5,-7.5,1.91,1.91,1.91,1.91,1.91,1.91,1.91,1.91,39.5,39.5,42,41,1.91,1.91,1.91,1.91,1.91,1.91,1.91,1.91,
2023-01-07,Las Vegas Raiders,Kansas City Chiefs,13,31,,,,4.5,4,4.5,4.25,1.22,1.22,1.26,1.24,9.5,7.5,9.5,8.5,-9.5,-9.5,-7.5,-8.5,1.91,1.91,1.91,1.91,1.91,1.91,1.91,1.91,51,51,53,52,1.91,1.91,1.91,1.91,1.91,1.91,1.91,1.91,
2023-01-01,Baltimore Ravens,Pittsburgh Steelers,13,16,,,,1.48,1.48,1.87,1.87,2.75,1.95,2.75,1.95,-4,-4,-1,-1,4,1,4,1,1.91,1.91,1.91,1.91,1.91,1.91,1.91,1.91,36.5,35,36.5,35.5,1.91,1.91,1.91,1.91,1.91,1.91,1.91,1.91,
2023-01-01,Green Bay Packers,Minnesota Vikings,41,17,,,,1.74,1.52,1.74,1.54,2.15,2.15,2.67,2.65,-2.5,-3.5,-2.5,-3.5,2.5,2.5,3.5,3.5,1.91,1.91,1.91,1.95,1.91,1.91,1.91,1.87,44.5,44.5,48.5,47.5,1.91,1.91,1.91,1.91,1.91,1.91,1.91,1.91,
2023-01-01,Los Angeles Chargers,Los Angeles Rams,31,10,,,,1.33,1.33,1.36,1.36,3.45,3.25,3.45,3.25,-6.5,-6.5,-6.5,-6.5,6.5,6.5,6.5,6.5,1.91,1.87,1.95,1.91,1.91,1.87,1.95,1.91,41,40.5,43,41,1.91,1.91,1.91,1.91,1.91,1.91,1.91,1.91,
2023-01-01,Las Vegas Raiders,San Francisco 49ers,34,37,Y,,,2.8,2.8,4.75,4.75,1.45,1.2,1.45,1.2,4.5,4.5,10,10,-4.5,-10,-4.5,-10,1.91,1.91,1.91,1.91,1.91,1.91,1.91,1.91,43,41,46,41,1.91,1.91,1.91,1.91,1.91,1.91,1.91,1.91,
2023-01-01,Seattle Seahawks,New York Jets,23,6,,,,1.83,1.8,2.2,2.05,2,1.71,2.05,1.8,-1,-1.5,2.5,1.5,1,-2.5,1.5,-1.5,1.91,1.91,1.91,1.91,1.91,1.91,1.91,1.91,44.5,42.5,44.5,43,1.91,1.91,1.91,1.91,1.91,1.91,1.91,1.91,
2023-01-01,Atlanta Falcons,Arizona Cardinals,20,19,,,,1.63,1.34,1.67,1.34,2.4,2.3,3.35,3.35,-3,-6.5,-3,-6.5,3,3,6.5,6.5,1.91,1.87,2,1.87,1.91,1.83,1.95,1.95,40,39.5,42,40.5,1.91,1.91,1.91,1.91,1.91,1.91,1.91,1.91,
2023-01-01,Detroit Lions,Chicago Bears,41,10,,,,1.36,1.36,1.45,1.45,3.3,2.8,3.3,2.8,-6.5,-6.5,-4.5,-4.5,6.5,4.5,6.5,4.5,1.91,1.91,1.91,1.91,1.91,1.91,1.91,1.91,48.5,48.5,52.5,52.5,1.91,1.91,1.91,1.91,1.91,1.91,1.91,1.91,
2023-01-01,Houston Texans,Jacksonville Jaguars,3,31,,,,2.8,2.4,3,2.65,1.45,1.42,1.63,1.54,4.5,3,6,3.5,-4.5,-6,-3,-3.5,1.91,1.91,1.91,1.91,1.91,1.91,1.91,1.91,44,43,44.5,43,1.91,1.91,1.91,1.91,1.91,1.91,1.91,1.91,
2023-01-01,Kansas City Chiefs,Denver Broncos,27,24,,,,1.2,1.12,1.2,1.13,4.75,4.75,6.75,6.5,-10,-13.5,-10,-12.5,10,10,13.5,12.5,1.91,1.91,1.91,1.91,1.91,1.91,1.91,1.91,44,43.5,45.5,45.5,1.91,1.91,1.91,1.91,1.91,1.91,1.91,1.91,
2023-01-01,New England Patriots,Miami Dolphins,23,21,,,,2.15,1.61,2.15,1.61,1.74,1.74,2.45,2.45,2.5,-3,2.5,-3,-2.5,-2.5,3,3,1.91,1.87,1.91,1.87,1.91,1.91,1.95,1.95,43.5,40.5,43.5,41.5,1.91,1.91,1.91,1.91,1.91,1.91,1.91,1.91,
2023-01-01,New York Giants,Indianapolis Colts,38,10,,,,1.61,1.38,1.61,1.41,2.45,2.45,3.15,3.05,-3,-6,-3,-5.5,3,3,6,5.5,1.91,1.91,1.91,1.91,1.91,1.91,1.91,1.91,41.5,38,41.5,38.5,1.91,1.91,1.91,1.91,1.91,1.91,1.91,1.91,
2023-01-01,Philadelphia Eagles,New Orleans Saints,10,20,,,,1.38,1.31,1.45,1.43,3.15,2.8,3.6,2.9,-5.5,-7,-4.5,-5,5.5,4.5,7,5,1.91,1.91,1.91,1.91,1.91,1.91,1.91,1.91,43.5,41.5,44,42,1.91,1.91,1.91,1.91,1.91,1.91,1.91,1.91,
2023-01-01,Tampa Bay Buccaneers,Carolina Panthers,30,24,,,,1.32,1.32,1.63,1.54,3.55,2.4,3.55,2.65,-7,-7,-3,-3.5,7,3,7,3.5,1.91,1.91,1.95,1.95,1.91,1.87,1.91,1.87,41.5,39,41.5,40.5,1.91,1.91,1.91,1.91,1.91,1.91,1.91,1.91,
2023-01-01,Washington Commanders,Cleveland Browns,10,24,,,,1.77,1.71,1.77,1.77,2.1,2.1,2.2,2.1,-2,-2.5,-2,-2,2,2,2.5,2,1.91,1.91,1.91,1.91,1.91,1.91,1.91,1.91,42.5,39.5,42.5,41.5,1.91,1.91,1.91,1.91,1.91,1.91,1.91,1.91,
2022-12-29,Tennessee Titans,Dallas Cowboys,13,27,,,,2.35,2.35,7,7,1.65,1.11,1.65,1.11,3,3,14,14,-3,-14,-3,-14,1.91,1.91,1.91,1.91,1.91,1.91,1.91,1.91,44.5,39.5,44.5,40.5,1.91,1.91,1.91,1.91,1.91,1.91,1.91,1.91,
2022-12-26,Indianapolis Colts,Los Angeles Chargers,3,20,,,,2.15,2.15,2.8,2.7,1.74,1.45,1.74,1.5,2.5,2.5,4.5,3.5,-2.5,-4.5,-2.5,-3.5,1.91,1.91,1.91,1.91,1.91,1.91,1.91,1.91,48,44.5,48.5,44.5,1.91,1.91,1.91,1.91,1.91,1.91,1.91,1.91,
2022-12-25,Arizona Cardinals,Tampa Bay Buccaneers,16,19,Y,,,2.35,2.35,4,4,1.65,1.26,1.65,1.26,3,3,7.5,7.5,-3,-7.5,-3,-7.5,1.87,1.87,1.91,1.91,1.95,1.91,1.95,1.91,42,39.5,42,41.5,1.91,1.91,1.91,1.91,1.91,1.91,1.91,1.91,
2022-12-25,Los Angeles Rams,Denver Broncos,51,14,,,,1.87,1.87,2.55,2.55,1.95,1.57,1.95,1.57,-1,-1,3,3,1,-3,1,-3,1.91,1.91,2,2,1.91,1.83,1.91,1.83,35.5,35.5,36.5,36,1.91,1.91,1.91,1.91,1.91,1.91,1.91,1.91,
2022-12-25,Miami Dolphins,Green Bay Packers,20,26,,,,1.54,1.37,1.56,1.56,2.65,2.6,3.2,2.6,-3.5,-6,-3.5,-3.5,3.5,3.5,6,3.5,1.91,1.91,1.95,1.91,1.91,1.87,1.91,1.91,46.5,46.5,50,49.5,1.91,1.91,1.91,1.91,1.91,1.91,1.91,1.91,
2022-12-24,Pittsburgh Steelers,Las Vegas Raiders,13,10,,,,1.87,1.61,1.87,1.77,1.95,1.95,2.45,2.1,-1,-3,-1,-2,1,1,3,2,1.91,1.91,1.91,1.91,1.91,1.91,1.91,1.91,40,38,41.5,38,1.91,1.91,1.91,1.91,1.91,1.91,1.91,1.91,
2022-12-24,Dallas Cowboys,Philadelphia Eagles,40,34,,,,1.8,1.37,1.87,1.5,2.05,1.95,3.2,2.7,-1.5,-6,-1,-4,1.5,1,6,4,1.91,1.91,1.95,1.91,1.91,1.87,1.91,1.91,50.5,46,51.5,48,1.91,1.91,1.91,1.91,1.91,1.91,1.91,1.91,
2022-12-24,San Francisco 49ers,Washington Commanders,37,20,,,,1.33,1.29,1.33,1.32,3.4,3.4,3.75,3.5,-6.5,-7,-6.5,-6.5,6.5,6.5,7,6.5,1.91,1.91,1.91,1.91,1.91,1.91,1.91,1.91,41.5,37,41.5,37,1.91,1.91,1.91,1.91,1.91,1.91,1.91,1.91,
2022-12-24,Baltimore Ravens,Atlanta Falcons,17,9,,,,1.33,1.28,1.36,1.36,3.4,3.3,3.8,3.3,-6.5,-7.5,-6.5,-6.5,6.5,6.5,7.5,6.5,1.91,1.91,1.91,1.91,1.91,1.91,1.91,1.91,41,34.5,41,35,1.91,1.91,1.91,1.91,1.91,1.91,1.91,1.91,
2022-12-24,Carolina Panthers,Detroit Lions,37,23,,,,2.15,2.15,2.35,2.15,1.74,1.65,1.74,1.74,2.5,2.5,3,2.5,-2.5,-3,-2.5,-2.5,1.91,1.87,1.91,1.87,1.91,1.91,1.95,1.95,44.5,43.5,44.5,43.5,1.91,1.91,1.91,1.91,1.91,1.91,1.91,1.91,
2022-12-24,Chicago Bears,Buffalo Bills,13,35,,,,4.5,4.1,4.75,4.25,1.22,1.2,1.26,1.24,10,8,10,8,-10,-10,-8,-8,1.87,1.91,1.87,1.95,1.95,1.95,1.91,1.87,45.5,39.5,45.5,40.5,1.91,1.91,1.91,1.91,1.91,1.91,1.91,1.91,
2022-12-24,Cleveland Browns,New Orleans Saints,10,17,,,,1.59,1.56,1.69,1.57,2.5,2.25,2.6,2.55,-3,-3,-2.5,-3,3,2.5,3,3,1.91,1.83,1.87,1.83,1.91,1.95,2,2,38,31.5,39,32,1.91,1.91,1.91,1.91,1.91,1.91,1.91,1.91,
2022-12-24,Kansas City Chiefs,Seattle Seahawks,24,10,,,,1.22,1.2,1.22,1.2,4.5,4.5,4.75,4.75,-9.5,-10,-9.5,-10,9.5,9.5,10,10,1.91,1.91,1.91,1.91,1.91,1.91,1.91,1.91,48.5,48.5,50.5,50.5,1.91,1.91,1.91,1.91,1.91,1.91,1.91,1.91,
2022-12-24,Minnesota Vikings,New York Giants,27,24,,,,1.45,1.45,1.56,1.45,2.8,2.6,2.8,2.8,-4.5,-4.5,-3,-4.5,4.5,3,4.5,4.5,1.91,1.91,1.83,1.91,1.91,2,1.91,1.91,45.5,45.5,49.5,48,1.91,1.91,1.91,1.91,1.91,1.91,1.91,1.91,
2022-12-24,New England Patriots,Cincinnati Bengals,18,22,,,,2.35,2.3,2.65,2.4,1.65,1.54,1.67,1.63,3,3,3.5,3,-3,-3.5,-3,-3,1.91,1.87,1.91,1.91,1.91,1.91,1.95,1.91,42,39.5,42,41.5,1.91,1.91,1.91,1.91,1.91,1.91,1.91,1.91,
2022-12-24,Tennessee Titans,Houston Texans,14,19,,,,1.24,1.24,1.59,1.59,4.25,2.5,4.25,2.5,-8.5,-8.5,-3,-3,8.5,3,8.5,3,1.91,1.91,1.91,1.83,1.91,1.91,1.91,2,41,34,41,34,1.91,1.91,1.91,1.91,1.91,1.91,1.91,1.91,
2022-12-22,New York Jets,Jacksonville Jaguars,3,19,,,,1.8,1.69,1.91,1.69,2.05,1.91,2.25,2.25,-1.5,-2.5,0,-2.5,1.5,0,2.5,2.5,1.91,1.87,1.91,1.87,1.91,1.91,1.95,1.95,42,36,42.5,36.5,1.91,1.91,1.91,1.91,1.91,1.91,1.91,1.91,
2022-12-19,Green Bay Packers,Los Angeles Rams,24,12,,,,1.24,1.24,1.32,1.27,4.25,3.5,4.25,3.9,-9,-9,-7,-7.5,9,7,9,7.5,1.91,1.91,1.91,1.91,1.91,1.91,1.91,1.91,41,39.5,41,39.5,1.91,1.91,1.91,1.91,1.91,1.91,1.91,1.91,
2022-12-18,Washington Commanders,New York Giants,12,20,,,,1.5,1.44,1.5,1.5,2.7,2.7,2.85,2.7,-4,-5,-4,-4,4,4,5,4,1.91,1.91,1.95,1.95,1.91,1.87,1.91,1.87,40,40,40.5,40.5,1.91,1.91,1.91,1.91,1.91,1.91,1.91,1.91,
2022-12-18,Los Angeles Chargers,Tennessee Titans,17,14,,,,1.77,1.61,1.77,1.65,2.1,2.1,2.45,2.35,-2,-3,-2,-3,2,2,3,3,1.91,1.91,1.91,2,1.91,1.91,1.91,1.83,45.5,45.5,47.5,46.5,1.91,1.91,1.91,1.91,1.91,1.91,1.91,1.91,
2022-12-18,Tampa Bay Buccaneers,Cincinnati Bengals,23,34,,,,2.1,2.1,2.7,2.6,1.77,1.5,1.77,1.56,2,2,3.5,3.5,-2,-3.5,-2,-3.5,1.91,1.91,1.95,1.87,1.91,1.87,1.91,1.95,42.5,42,47.5,47.5,1.91,1.91,1.91,1.91,1.91,1.91,1.91,1.91,
2022-12-18,Denver Broncos,Arizona Cardinals,24,15,,,,1.83,1.63,2.1,1.8,2,1.77,2.4,2.05,-1,-3,2.5,-1.5,1,-2.5,3,1.5,1.91,1.91,1.91,1.91,1.91,1.91,1.91,1.91,39.5,36,39.5,37,1.91,1.91,1.91,1.91,1.91,1.91,1.91,1.91,
2022-12-18,Las Vegas Raiders,New England Patriots,30,24,,,,1.77,1.74,2,1.74,2.1,1.83,2.15,2.15,-2,-2.5,1,-2.5,2,-1,2.5,2.5,1.91,1.91,1.91,1.91,1.91,1.91,1.91,1.91,45,44.5,45.5,45.5,1.91,1.91,1.91,1.91,1.91,1.91,1.91,1.91,
2022-12-18,Carolina Panthers,Pittsburgh Steelers,16,24,,,,2.35,1.67,2.35,1.69,1.65,1.65,2.3,2.25,3,-3,3,-2.5,-3,-3,3,2.5,1.91,1.95,1.91,1.87,1.91,1.91,1.87,1.95,40,37,40,37,1.91,1.91,1.91,1.91,1.91,1.91,1.91,1.91,
2022-12-18,Chicago Bears,Philadelphia Eagles,20,25,,,,3.9,3.9,4.5,4.1,1.27,1.22,1.27,1.26,7.5,7.5,9,8.5,-7.5,-9,-7.5,-8.5,1.91,1.91,1.91,1.91,1.91,1.91,1.91,1.91,48,48,49,48,1.91,1.91,1.91,1.91,1.91,1.91,1.91,1.91,
2022-12-18,Houston Texans,Kansas City Chiefs,24,30,Y,,,6.75,6.75,7.5,7.5,1.12,1.1,1.12,1.1,14,14,14.5,14.5,-14,-14.5,-14,-14.5,1.91,1.91,1.91,1.91,1.91,1.91,1.91,1.91,46.5,46.5,49.5,48.5,1.91,1.91,1.91,1.91,1.91,1.91,1.91,1.91,
2022-12-18,Jacksonville Jaguars,Dallas Cowboys,40,34,Y,,,3.1,2.67,3.25,2.67,1.4,1.36,1.52,1.52,6,4,6.5,4,-6,-6.5,-4,-4,1.91,1.87,1.91,1.87,1.91,1.91,1.95,1.95,45.5,45.5,48,48,1.91,1.91,1.91,1.91,1.91,1.91,1.91,1.91,
2022-12-18,New Orleans Saints,Atlanta Falcons,21,18,,,,1.52,1.43,1.54,1.43,2.67,2.65,2.9,2.9,-3.5,-5,-3.5,-5,3.5,3.5,5,5,1.91,1.91,2,1.91,1.91,1.83,1.91,1.91,42,41,43.5,43.5,1.91,1.91,1.91,1.91,1.91,1.91,1.91,1.91,
2022-12-18,New York Jets,Detroit Lions,17,20,,,,1.61,1.61,2.05,1.74,2.45,1.8,2.45,2.15,-3,-3,1.5,-2,3,-1.5,3,2,1.91,1.91,1.91,1.87,1.91,1.91,1.91,1.95,50,43.5,50,44,1.91,1.91,1.91,1.91,1.91,1.91,1.91,1.91,
2022-12-17,Buffalo Bills,Miami Dolphins,32,29,,,,1.29,1.28,1.37,1.28,3.7,3.2,3.8,3.8,-7.5,-7.5,-6.5,-7,7.5,6.5,7.5,7,1.95,1.91,1.91,1.91,1.87,1.91,1.91,1.91,47.5,41.5,48.5,43.5,1.91,1.91,1.91,1.91,1.91,1.91,1.91,1.91,
2022-12-17,Cleveland Browns,Baltimore Ravens,13,3,,,,1.63,1.59,1.69,1.65,2.4,2.25,2.5,2.35,-3,-3,-2.5,-3,3,2.5,3,3,1.91,1.91,1.91,1.95,1.91,1.91,1.91,1.87,42,37,42,39,1.91,1.91,1.91,1.91,1.91,1.91,1.91,1.91,
2022-12-17,Minnesota Vikings,Indianapolis Colts,39,36,Y,,,1.44,1.43,1.52,1.5,2.85,2.67,2.95,2.7,-5.5,-5.5,-3.5,-3.5,5.5,3.5,5.5,3.5,1.91,1.91,1.91,1.91,1.91,1.91,1.91,1.91,46.5,46.5,48.5,47,1.91,1.91,1.91,1.91,1.91,1.91,1.91,1.91,
2022-12-15,Seattle Seahawks,San Francisco 49ers,13,21,,,,2,1.91,2.65,2.6,1.83,1.54,1.91,1.56,1,-1,3.5,3,-1,-3.5,1,-3,1.91,1.95,1.91,1.95,1.91,1.91,1.87,1.87,41.5,41.5,43.5,42.5,1.91,1.91,1.91,1.91,1.91,1.91,1.91,1.91,
2022-12-12,Arizona Cardinals,New England Patriots,13,27,,,,2.05,2,2.15,2.15,1.8,1.74,1.83,1.74,1.5,1,2.5,2.5,-1.5,-2.5,-1,-2.5,1.9,1.9,1.91,1.91,1.9,1.91,1.91,1.91,44,43.5,45,44,1.9,1.9,1.9,1.91,1.9,1.9,1.9,1.91,
2022-12-11,Los Angeles Chargers,Miami Dolphins,23,17,,,,2,2,2.55,2.5,1.83,1.57,1.83,1.59,1,1,3.5,3,-1,-3.5,-1,-3,1.9,1.9,1.91,1.95,1.9,1.91,1.9,1.87,51.5,51.5,55,55,1.9,1.9,1.91,1.91,1.9,1.9,1.91,1.91,
2022-12-11,Seattle Seahawks,Carolina Panthers,24,30,,,,1.33,1.33,1.54,1.5,3.4,2.65,3.4,2.7,-7,-7,-3.5,-4,7,3.5,7,4,1.95,1.95,1.91,1.91,1.86,1.9,1.86,1.91,43.5,43.5,44.5,44,1.9,1.9,1.91,1.91,1.9,1.9,1.91,1.91,
2022-12-11,San Francisco 49ers,Tampa Bay Buccaneers,35,7,,,,1.42,1.35,1.62,1.56,2.95,2.4,3.3,2.6,-5.5,-6.5,-3,-3.5,5.5,3,6.5,3.5,1.9,1.9,1.9,1.95,1.9,1.9,1.9,1.87,41.5,36.5,41.5,38.5,1.9,1.91,1.9,1.91,1.9,1.91,1.9,1.91,
2022-12-11,Denver Broncos,Kansas City Chiefs,28,34,,,,3.45,3.45,4.75,4.75,1.32,1.2,1.32,1.2,7,7,9.5,9,-7,-9.5,-7,-9,1.9,1.9,1.91,1.91,1.9,1.91,1.9,1.91,42.5,41.5,44.5,44,1.9,1.9,1.91,1.91,1.9,1.9,1.91,1.91,
2022-12-11,Buffalo Bills,New York Jets,20,12,,,,1.22,1.18,1.22,1.2,4.5,4.5,5.25,4.75,-9.5,-10,-9,-10,9.5,9,10,10,1.9,1.9,1.91,1.91,1.9,1.9,1.91,1.91,44,43,44.5,43.5,1.9,1.91,1.9,1.91,1.9,1.91,1.9,1.91,
2022-12-11,Cincinnati Bengals,Cleveland Browns,23,10,,,,1.52,1.37,1.54,1.48,2.67,2.65,3.2,2.75,-3.5,-6,-3.5,-4,3.5,3.5,6,4,1.9,1.9,1.91,1.91,1.9,1.9,1.91,1.91,48,46.5,49.5,47,1.9,1.91,1.9,1.91,1.9,1.91,1.9,1.91,
2022-12-11,Dallas Cowboys,Houston Texans,27,23,,,,1.11,1.04,1.11,1.05,7,7,13,12.25,-14,-18,-14,-17,14,14,18,17,1.95,1.91,1.95,1.91,1.86,1.86,1.91,1.91,47.5,44,47.5,44.5,1.9,1.91,1.9,1.91,1.9,1.91,1.9,1.91,
2022-12-11,Detroit Lions,Minnesota Vikings,34,23,,,,2.3,1.71,2.3,1.8,1.66,1.66,2.2,2.05,3,-2.5,3,-2,-3,-3,2.5,2,1.86,1.91,1.86,1.91,1.95,1.95,1.91,1.91,51,51,53.5,51.5,1.9,1.9,1.91,1.91,1.9,1.9,1.91,1.91,
2022-12-11,New York Giants,Philadelphia Eagles,22,48,,,,2.95,2.95,3.7,3.7,1.42,1.29,1.42,1.29,6,6,7,7,-6,-7,-6,-7,1.9,1.9,2,1.95,1.9,1.83,1.9,1.87,43,43,45.5,44.5,1.9,1.9,1.91,1.91,1.9,1.9,1.91,1.91,
2022-12-11,Pittsburgh Steelers,Baltimore Ravens,14,16,,,,2.75,1.6,2.75,1.77,1.47,1.47,2.45,2.1,4,-3,4,-2,-4,-4,3,2,1.9,1.9,1.9,1.91,1.9,1.9,1.91,1.91,41,36.5,41,37,1.9,1.91,1.9,1.91,1.9,1.91,1.9,1.91,
2022-12-11,Tennessee Titans,Jacksonville Jaguars,22,36,,,,1.47,1.47,1.59,1.57,2.75,2.5,2.75,2.55,-4,-4,-3,-3,4,3,4,3,1.9,1.9,1.83,1.8,1.9,2,1.91,2.05,43,41,43,41.5,1.9,1.91,1.9,1.91,1.9,1.91,1.9,1.91,
2022-12-08,Los Angeles Rams,Las Vegas Raiders,17,16,,,,2.75,2.75,3.4,3.3,1.47,1.33,1.47,1.36,4.5,4.5,7,6.5,-4.5,-7,-4.5,-6.5,1.9,1.9,1.91,1.91,1.9,1.91,1.9,1.91,43,41.5,44.5,41.5,1.9,1.91,1.91,1.91,1.9,1.91,1.91,1.91,
2022-12-05,Tampa Bay Buccaneers,New Orleans Saints,17,16,,,,1.33,1.33,1.6,1.57,3.4,2.45,3.4,2.55,-6.5,-6.5,-3,-3,6.5,3,6.5,3,1.9,1.9,1.9,1.8,1.9,1.9,1.9,2.05,42.5,40,42.5,40.5,1.9,1.9,1.9,1.9,1.9,1.9,1.9,1.9,
2022-12-04,Dallas Cowboys,Indianapolis Colts,54,19,,,,1.23,1.16,1.23,1.18,4.25,4.25,5.5,5.25,-9.5,-11,-9,-11,9.5,9,11,11,1.9,1.9,1.9,1.9,1.9,1.9,1.9,1.9,44.5,43,44.5,44.5,1.9,1.9,1.9,1.9,1.9,1.9,1.9,1.9,
2022-12-04,Cincinnati Bengals,Kansas City Chiefs,27,24,,,,2.25,2.1,2.3,2.25,1.68,1.66,1.76,1.68,3,2,3,2.5,-3,-3,-2,-2.5,1.9,1.9,1.9,1.95,1.9,1.9,1.9,1.86,51,51,53.5,53.5,1.9,1.9,1.9,1.9,1.9,1.9,1.9,1.9,
2022-12-04,Las Vegas Raiders,Los Angeles Chargers,27,20,,,,2.3,1.68,2.3,1.68,1.66,1.66,2.25,2.25,3,-2.5,3,-2.5,-3,-3,2.5,2.5,1.9,1.86,1.9,1.86,1.9,1.9,1.95,1.95,48,48,50.5,49.5,1.9,1.9,1.9,1.9,1.9,1.9,1.9,1.9,
2022-12-04,Los Angeles Rams,Seattle Seahawks,23,27,,,,2.3,2.3,4,3.5,1.66,1.26,1.66,1.32,3,3,8,6.5,-3,-8,-3,-6.5,1.9,1.9,1.9,1.95,1.9,1.9,1.9,1.86,42.5,40.5,42.5,41,1.9,1.9,1.9,1.9,1.9,1.9,1.9,1.9,
2022-12-04,San Francisco 49ers,Miami Dolphins,33,17,,,,1.45,1.41,1.55,1.41,2.8,2.6,3,3,-4.5,-5,-3.5,-5,4.5,3.5,5,5,1.9,1.86,1.9,1.86,1.9,1.9,1.95,1.95,46,45.5,48,45.5,1.9,1.9,1.9,1.9,1.9,1.9,1.9,1.9,
2022-12-04,Atlanta Falcons,Pittsburgh Steelers,16,19,,,,1.83,1.8,2.05,2,2,1.8,2.05,1.83,-1,-1.5,1.5,1.5,1,-1.5,1.5,-1.5,1.9,1.9,1.9,1.86,1.9,1.9,1.9,1.95,42,41.5,43,43,1.9,1.9,1.9,1.9,1.9,1.9,1.9,1.9,
2022-12-04,Baltimore Ravens,Denver Broncos,10,9,,,,1.35,1.22,1.37,1.25,3.3,3.2,4.5,4.1,-6.5,-9.5,-6.5,-9,6.5,6.5,9.5,9,1.9,1.9,1.9,1.95,1.9,1.9,1.9,1.86,41,38,41,40,1.9,1.9,1.9,1.9,1.9,1.9,1.9,1.9,
2022-12-04,Chicago Bears,Green Bay Packers,19,28,,,,2.2,2.15,2.75,2.65,1.71,1.47,1.74,1.54,2.5,2,5,3.5,-2.5,-5,-2,-3.5,1.95,1.9,1.9,1.9,1.86,1.9,1.9,1.9,44,42.5,45,45,1.9,1.9,1.9,1.9,1.9,1.9,1.9,1.9,
2022-12-04,Detroit Lions,Jacksonville Jaguars,40,14,,,,1.86,1.83,2,1.86,1.95,1.83,2,1.95,-1,-1.5,1,-1,1,-1,1.5,1,1.9,1.9,1.9,1.9,1.9,1.9,1.9,1.9,49.5,49.5,52,51,1.9,1.9,1.9,1.9,1.9,1.9,1.9,1.9,
2022-12-04,Houston Texans,Cleveland Browns,14,27,,,,2.95,2.95,4,3.75,1.42,1.26,1.42,1.28,5,5,8,7.5,-5,-8,-5,-7.5,1.9,1.9,1.9,1.86,1.9,1.9,1.9,1.95,44,44,47.5,46.5,1.9,1.9,1.9,1.9,1.9,1.9,1.9,1.9,
2022-12-04,Minnesota Vikings,New York Jets,27,22,,,,1.55,1.54,1.66,1.64,2.6,2.3,2.65,2.35,-3,-3.5,-3,-3,3,3,3.5,3,1.9,1.83,2,1.95,1.9,1.83,2,1.86,41.5,41.5,45.5,44,1.9,1.9,1.9,1.9,1.9,1.9,1.9,1.9,
2022-12-04,New York Giants,Washington Commanders,20,20,Y,,,2,1.95,2.25,2.2,1.83,1.68,1.86,1.71,1.5,1,2.5,2.5,-1.5,-2.5,-1,-2.5,1.9,1.9,1.95,1.9,1.9,1.86,1.9,1.9,42,40.5,42,40.5,1.9,1.9,1.9,1.9,1.9,1.9,1.9,1.9,
2022-12-04,Philadelphia Eagles,Tennessee Titans,35,10,,,,1.33,1.33,1.47,1.45,3.4,2.75,3.4,2.8,-6.5,-6.5,-4,-4.5,6.5,4,6.5,4.5,1.9,1.9,1.9,1.9,1.9,1.9,1.9,1.9,45.5,44,45.5,44.5,1.9,1.9,1.9,1.9,1.9,1.9,1.9,1.9,
2022-12-01,New England Patriots,Buffalo Bills,10,24,,,,2.9,2.6,2.95,2.7,1.43,1.42,1.55,1.5,5.5,3.5,5.5,4,-5.5,-5.5,-3.5,-4,1.9,1.9,1.9,1.9,1.9,1.9,1.9,1.9,45,43.5,45.5,44,1.9,1.9,1.9,1.9,1.9,1.9,1.9,1.9,
2022-11-28,Indianapolis Colts,Pittsburgh Steelers,17,24,,,,1.6,1.58,1.71,1.71,2.45,2.2,2.5,2.2,-3,-3,-2.5,-2.5,3,2.5,3,2.5,1.86,1.86,1.9,1.9,1.95,1.9,1.95,1.9,39.5,39,39.5,39.5,1.9,1.9,1.9,1.9,1.9,1.9,1.9,1.9,
2022-11-27,Philadelphia Eagles,Green Bay Packers,40,33,,,,1.35,1.32,1.35,1.35,3.3,3.3,3.5,3.3,-6.5,-7,-6.5,-6.5,6.5,6.5,7,6.5,1.9,1.9,1.95,1.95,1.9,1.86,1.9,1.86,45,45,46.5,46.5,1.9,1.9,1.9,1.9,1.9,1.9,1.9,1.9,
2022-11-27,Kansas City Chiefs,Los Angeles Rams,26,10,,,,1.22,1.07,1.22,1.07,4.5,4.5,9.5,9,-10,-15.5,-10,-15.5,10,10,15.5,15.5,1.9,1.9,1.9,1.9,1.9,1.9,1.9,1.9,45.5,42,46,42,1.9,1.9,1.9,1.9,1.9,1.9,1.9,1.9,
2022-11-27,San Francisco 49ers,New Orleans Saints,13,0,,,,1.25,1.22,1.27,1.23,4.1,3.8,4.5,4.25,-8.5,-9.5,-8,-8.5,8.5,8,9.5,8.5,1.9,1.9,1.9,1.9,1.9,1.9,1.9,1.9,41.5,41.5,43.5,43.5,1.9,1.9,1.9,1.9,1.9,1.9,1.9,1.9,
2022-11-27,Arizona Cardinals,Los Angeles Chargers,24,25,,,,2.15,2.15,2.8,2.25,1.74,1.45,1.74,1.68,2.5,2.5,4.5,2.5,-2.5,-4.5,-2.5,-2.5,1.9,1.9,1.9,2,1.9,1.9,1.9,1.83,48,47,48.5,48.5,1.9,1.9,1.9,1.9,1.9,1.9,1.9,1.9,
2022-11-27,Seattle Seahawks,Las Vegas Raiders,34,40,Y,,,1.64,1.5,1.64,1.5,2.35,2.35,2.7,2.7,-3,-4,-3,-4,3,3,4,4,1.95,1.9,1.95,1.95,1.86,1.86,1.9,1.86,47,47,47.5,47.5,1.9,1.9,1.9,1.9,1.9,1.9,1.9,1.9,
2022-11-27,Carolina Panthers,Denver Broncos,23,10,,,,2.25,1.9,2.25,1.95,1.68,1.68,1.9,1.86,2.5,1,2.5,1,-2.5,-2.5,-1,-1,1.95,1.86,2,1.86,1.86,1.83,1.95,1.95,36.5,35,37,36,1.9,1.9,1.9,1.9,1.9,1.9,1.9,1.9,
2022-11-27,Cleveland Browns,Tampa Bay Buccaneers,23,17,Y,,,2.45,2.35,2.55,2.55,1.6,1.57,1.64,1.57,3,3,3.5,3,-3,-3.5,-3,-3,1.95,1.9,1.9,2,1.86,1.9,1.9,1.83,45.5,42,45.5,42,1.9,1.9,1.9,1.9,1.9,1.9,1.9,1.9,
2022-11-27,Jacksonville Jaguars,Baltimore Ravens,28,27,,,,2.75,2.5,2.75,2.65,1.47,1.47,1.58,1.54,4,3.5,4,3.5,-4,-4,-3.5,-3.5,1.9,1.9,1.9,1.9,1.9,1.9,1.9,1.9,46.5,43,47,43,1.9,1.9,1.9,1.9,1.9,1.9,1.9,1.9,
2022-11-27,Miami Dolphins,Houston Texans,30,15,,,,1.23,1.1,1.23,1.1,4.25,4.25,7.25,7.25,-9.5,-14,-9.5,-14,9.5,9.5,14,14,1.9,1.9,1.9,1.9,1.9,1.9,1.9,1.9,45,45,47.5,47.5,1.9,1.9,1.9,1.9,1.9,1.9,1.9,1.9,
2022-11-27,New York Jets,Chicago Bears,31,10,,,,1.54,1.27,1.54,1.27,2.65,2.65,3.8,3.8,-3.5,-7.5,-3.5,-7.5,3.5,3.5,7.5,7.5,1.9,1.9,1.9,1.9,1.9,1.9,1.9,1.9,48,37.5,48,37.5,1.9,1.9,1.9,1.9,1.9,1.9,1.9,1.9,
2022-11-27,Tennessee Titans,Cincinnati Bengals,16,20,,,,2.1,1.9,2.25,1.95,1.76,1.68,1.9,1.86,2,1,3,1,-2,-3,-1,-1,1.9,1.86,1.83,1.9,1.9,2,1.95,1.9,43,42,43.5,42,1.9,1.9,1.9,1.9,1.9,1.9,1.9,1.9,
2022-11-27,Washington Commanders,Atlanta Falcons,19,13,,,,1.58,1.47,1.58,1.54,2.5,2.5,2.75,2.65,-3,-4.5,-3,-3.5,3,3,4.5,3.5,1.86,1.9,1.9,1.9,1.95,1.9,1.9,1.9,42,40,43,40,1.9,1.9,1.9,1.9,1.9,1.9,1.9,1.9,
2022-11-24,Minnesota Vikings,New England Patriots,33,26,,,,1.57,1.55,1.74,1.68,2.55,2.15,2.6,2.25,-3.5,-3.5,-2.5,-2.5,3.5,2.5,3.5,2.5,2,2,1.9,1.83,1.83,1.9,1.83,2,43.5,41.5,43.5,41.5,1.9,1.9,1.9,1.9,1.9,1.9,1.9,1.9,
2022-11-24,Dallas Cowboys,New York Giants,28,20,,,,1.34,1.18,1.34,1.2,3.35,3.35,5.25,4.75,-6.5,-10,-6.5,-10,6.5,6.5,10,10,1.86,1.86,1.86,1.86,1.95,1.95,1.95,1.95,43,43,45.5,45.5,1.9,1.9,1.9,1.9,1.9,1.9,1.9,1.9,
2022-11-24,Detroit Lions,Buffalo Bills,25,28,,,,4.5,4.25,4.75,4.5,1.22,1.2,1.23,1.22,10,9,10,9.5,-10,-10,-9,-9.5,1.9,1.9,1.9,1.9,1.9,1.9,1.9,1.9,51,51,55,55,1.9,1.9,1.9,1.9,1.9,1.9,1.9,1.9,
2022-11-21,Arizona Cardinals,San Francisco 49ers,10,38,,,Y,3,2.95,4.75,4.5,1.41,1.2,1.42,1.22,5.5,5.5,10,10,-5.5,-10,-5.5,-10,1.9,1.9,1.9,1.9,1.9,1.9,1.9,1.9,45,42.5,45,43,1.9,1.9,1.9,1.9,1.9,1.9,1.9,1.9,Played at Estadio Azteca in Mexico City
2022-11-20,Los Angeles Chargers,Kansas City Chiefs,27,30,,,,3,2.95,3.55,2.95,1.41,1.31,1.42,1.42,5.5,5,7,5.5,-5.5,-7,-5,-5.5,1.9,1.9,1.9,1.86,1.9,1.9,1.9,1.95,50,49.5,53,53,1.9,1.9,1.9,1.9,1.9,1.9,1.9,1.9,
2022-11-20,Minnesota Vikings,Dallas Cowboys,3,40,,,,1.9,1.9,2.15,2.1,1.9,1.74,1.9,1.76,-1,-1,2.5,2,1,-2.5,1,-2,1.95,1.95,1.9,1.9,1.86,1.9,1.86,1.9,47,47,49,48.5,1.9,1.9,1.9,1.9,1.9,1.9,1.9,1.9,
2022-11-20,Pittsburgh Steelers,Cincinnati Bengals,30,37,,,,3,2.6,3,2.6,1.41,1.41,1.55,1.55,5.5,3.5,6,3.5,-5.5,-6,-3.5,-3.5,1.9,1.9,1.9,1.9,1.9,1.9,1.9,1.9,42.5,39.5,42.5,39.5,1.9,1.9,1.9,1.9,1.9,1.9,1.9,1.9,
2022-11-20,Denver Broncos,Las Vegas Raiders,16,22,Y,,,1.74,1.6,1.74,1.66,2.15,2.15,2.45,2.3,-2.5,-3,-2.5,-2.5,2.5,2.5,3,2.5,1.9,1.9,1.9,1.83,1.9,1.9,1.9,2,43.5,41,43.5,41.5,1.9,1.9,1.9,1.9,1.9,1.9,1.9,1.9,
2022-11-20,Atlanta Falcons,Chicago Bears,27,24,,,,1.45,1.45,1.71,1.71,2.8,2.2,2.8,2.2,-4.5,-4.5,-2.5,-2.5,4.5,2.5,4.5,2.5,1.9,1.9,1.86,1.86,1.9,1.95,1.9,1.95,48.5,48.5,50,48.5,1.9,1.9,1.9,1.9,1.9,1.9,1.9,1.9,
2022-11-20,Baltimore Ravens,Carolina Panthers,13,3,,,,1.13,1.12,1.15,1.14,6.25,5.75,6.5,6,-12.5,-13,-11.5,-12.5,12.5,11.5,13,12.5,1.9,1.9,1.9,1.9,1.9,1.9,1.9,1.9,44,41,44.5,41.5,1.9,1.9,1.9,1.9,1.9,1.9,1.9,1.9,
2022-11-20,Buffalo Bills,Cleveland Browns,31,23,,,,1.35,1.22,1.35,1.27,3.3,3.3,4.5,3.9,-6.5,-9.5,-5.5,-7.5,6.5,5.5,9.5,7.5,1.9,1.9,1.9,1.9,1.9,1.9,1.9,1.9,44,41,50.5,50.5,1.9,1.9,1.9,1.9,1.9,1.9,1.9,1.9,Played at Ford Field in Detroit
2022-11-20,Houston Texans,Washington Commanders,10,23,,,,2.2,2.15,2.45,2.4,1.71,1.6,1.74,1.62,2.5,2.5,3,3,-2.5,-3,-2.5,-3,1.9,1.9,2,1.95,1.9,1.83,1.9,1.86,40.5,40.5,41.5,41,1.9,1.9,1.9,1.9,1.9,1.9,1.9,1.9,
2022-11-20,Indianapolis Colts,Philadelphia Eagles,16,17,,,,4.5,3.35,4.5,3.4,1.22,1.22,1.34,1.33,10,6,10.5,6,-10,-10.5,-6,-6,1.86,1.95,1.9,1.95,1.95,1.9,1.86,1.86,43.5,43,46,45,1.9,1.9,1.9,1.9,1.9,1.9,1.9,1.9,
2022-11-20,New England Patriots,New York Jets,10,3,,,,1.4,1.4,1.58,1.55,3.05,2.5,3.05,2.6,-5.5,-5.5,-3,-3.5,5.5,3,5.5,3.5,1.9,1.9,1.9,1.95,1.9,1.9,1.9,1.86,39.5,38,39.5,38,1.9,1.9,1.9,1.9,1.9,1.9,1.9,1.9,
2022-11-20,New Orleans Saints,Los Angeles Rams,27,20,,,,1.9,1.47,1.9,1.71,1.9,1.9,2.75,2.2,1,-4.5,1,-2.5,-1,-1,4.5,2.5,1.86,1.9,1.9,1.9,1.95,1.9,1.9,1.9,42.5,39,42.5,39.5,1.9,1.9,1.9,1.9,1.9,1.9,1.9,1.9,
2022-11-20,New York Giants,Detroit Lions,18,31,,,,1.47,1.47,1.62,1.6,2.75,2.4,2.75,2.45,-4,-4,-3,-3,4,3,4,3,1.9,1.9,1.9,1.86,1.9,1.9,1.9,1.95,45,44.5,46,44.5,1.9,1.9,1.9,1.9,1.9,1.9,1.9,1.9,
2022-11-17,Green Bay Packers,Tennessee Titans,17,27,,,,1.86,1.55,1.86,1.58,1.95,1.95,2.6,2.5,-1,-3.5,-1,-3,1,1,3.5,3,1.9,1.95,1.9,1.83,1.9,1.9,1.86,2,41,40.5,42,40.5,1.9,1.9,1.9,1.9,1.9,1.9,1.9,1.9,
2022-11-14,Philadelphia Eagles,Washington Commanders,21,32,,,,1.2,1.18,1.2,1.19,4.75,4.75,5.25,5,-10,-11,-10,-11,10,10,11,11,1.9,1.9,1.9,1.9,1.9,1.9,1.9,1.9,45,43,45,43,1.9,1.9,1.9,1.9,1.9,1.9,1.9,1.9,
2022-11-13,San Francisco 49ers,Los Angeles Chargers,22,16,,,,1.52,1.27,1.52,1.27,2.67,2.67,3.9,3.9,-3.5,-8,-3.5,-8,3.5,3.5,8,8,1.9,1.9,1.9,1.9,1.9,1.9,1.9,1.9,47.5,45,47.5,45.5,1.9,1.9,1.9,1.9,1.9,1.9,1.9,1.9,
2022-11-13,Green Bay Packers,Dallas Cowboys,31,28,Y,,,2.3,2.3,2.9,2.7,1.66,1.43,1.66,1.5,3,3,5,3.5,-3,-5,-3,-3.5,1.83,1.83,1.9,1.9,2,1.9,2,1.9,44.5,43,44.5,44.5,1.9,1.9,1.9,1.9,1.9,1.9,1.9,1.9,
2022-11-13,Los Angeles Rams,Arizona Cardinals,17,27,,,,1.58,1.52,1.83,1.55,2.5,2,2.67,2.6,-3,-3.5,-1.5,-3.5,3,1.5,3.5,3.5,1.9,1.9,1.9,1.9,1.9,1.9,1.9,1.9,45,38,45,38,1.9,1.9,1.9,1.9,1.9,1.9,1.9,1.9,
2022-11-13,Las Vegas Raiders,Indianapolis Colts,20,25,,,,1.54,1.37,1.54,1.47,2.65,2.65,3.2,2.75,-3.5,-6.5,-3.5,-4,3.5,3.5,6.5,4,1.9,1.9,1.9,1.9,1.9,1.9,1.9,1.9,43,41,43,41,1.9,1.9,1.9,1.9,1.9,1.9,1.9,1.9,
2022-11-13,Buffalo Bills,Minnesota Vikings,30,33,Y,,,1.22,1.22,1.64,1.38,4.5,2.35,4.5,3.15,-9.5,-9.5,-3,-6,9.5,3,9.5,6,1.9,1.9,1.95,1.86,1.9,1.86,1.9,1.95,49.5,42.5,49.5,46,1.9,1.9,1.9,1.9,1.9,1.9,1.9,1.9,
2022-11-13,Chicago Bears,Detroit Lions,30,31,,,,1.8,1.62,1.8,1.62,2.05,2.05,2.4,2.4,-1.5,-3,-1.5,-3,1.5,1.5,3,3,1.9,1.9,1.9,1.9,1.9,1.9,1.9,1.9,45.5,45.5,48.5,48.5,1.9,1.9,1.9,1.9,1.9,1.9,1.9,1.9,
2022-11-13,Kansas City Chiefs,Jacksonville Jaguars,27,17,,,,1.22,1.2,1.22,1.22,4.5,4.5,4.75,4.5,-9.5,-10,-9,-9.5,9.5,9,10,9.5,1.9,1.9,1.9,1.9,1.9,1.9,1.9,1.9,49.5,49.5,51.5,51.5,1.9,1.9,1.9,1.9,1.9,1.9,1.9,1.9,
2022-11-13,Miami Dolphins,Cleveland Browns,39,17,,,,1.38,1.38,1.58,1.58,3.15,2.5,3.15,2.5,-5.5,-5.5,-3,-3,5.5,3,5.5,3,1.9,1.9,1.86,1.86,1.9,1.95,1.9,1.95,47,47,49.5,49.5,1.9,1.9,1.9,1.9,1.9,1.9,1.9,1.9,
2022-11-13,New York Giants,Houston Texans,24,16,,,,1.38,1.33,1.44,1.43,3.15,2.85,3.4,2.9,-6,-7,-4.5,-4.5,6,4.5,7,4.5,1.9,1.9,1.9,1.86,1.9,1.9,1.9,1.95,38,38,41,41,1.9,1.9,1.9,1.9,1.9,1.9,1.9,1.9,
2022-11-13,Pittsburgh Steelers,New Orleans Saints,20,10,,,,2.25,1.86,2.25,1.86,1.68,1.68,1.95,1.95,2.5,-1,2.5,-1,-2.5,-2.5,1,1,1.9,1.9,1.95,1.9,1.9,1.86,1.9,1.9,41.5,39,41.5,39.5,1.9,1.9,1.9,1.9,1.9,1.9,1.9,1.9,
2022-11-13,Tennessee Titans,Denver Broncos,17,10,,,,1.76,1.62,1.76,1.71,2.1,2.1,2.4,2.2,-2,-3,-2,-2.5,2,2,3,2.5,1.9,1.95,1.9,1.9,1.9,1.9,1.86,1.9,40,36.5,40,39.5,1.9,1.9,1.9,1.9,1.9,1.9,1.9,1.9,
2022-11-13,Tampa Bay Buccaneers,Seattle Seahawks,21,16,,,Y,1.71,1.66,1.83,1.66,2.2,2,2.3,2.3,-2.5,-3,-1,-2.5,2.5,1,3,2.5,1.9,1.95,1.9,1.83,1.9,1.9,1.86,2,46.5,44.5,46.5,45,1.9,1.9,1.9,1.9,1.9,1.9,1.9,1.9,"Played at Allianz Arena in Munich, Germany"
2022-11-10,Carolina Panthers,Atlanta Falcons,25,15,,,,2.05,2.05,2.4,2.3,1.8,1.62,1.8,1.66,1.5,1.5,3,2.5,-1.5,-3,-1.5,-2.5,1.9,1.9,1.9,1.95,1.9,1.9,1.9,1.86,41,41,44.5,41.5,1.9,1.9,1.9,1.9,1.9,1.9,1.9,1.9,
2022-11-07,New Orleans Saints,Baltimore Ravens,13,27,,,,2.45,2.05,2.65,2.1,1.6,1.54,1.8,1.76,3.5,1.5,4,1.5,-3.5,-4,-1.5,-1.5,1.9,1.9,1.9,1.95,1.9,1.9,1.9,1.86,49,46,49,46,1.9,1.9,1.9,1.9,1.9,1.9,1.9,1.9,
2022-11-06,Kansas City Chiefs,Tennessee Titans,20,17,Y,,,1.18,1.11,1.18,1.11,5.25,5.25,6.75,6.75,-10.5,-14,-10.5,-14,10.5,10.5,14,14,1.9,1.9,1.9,1.9,1.9,1.9,1.9,1.9,47,45,47,45,1.9,1.9,1.9,1.9,1.9,1.9,1.9,1.9,
2022-11-06,Tampa Bay Buccaneers,Los Angeles Rams,16,13,,,,1.8,1.6,1.8,1.64,2.05,2.05,2.45,2.35,-1.5,-3,-1.5,-3,1.5,1.5,3,3,1.9,1.9,1.9,1.95,1.9,1.9,1.9,1.86,43,42,43,42.5,1.9,1.9,1.9,1.9,1.9,1.9,1.9,1.9,
2022-11-06,Arizona Cardinals,Seattle Seahawks,21,31,,,,1.52,1.52,1.8,1.76,2.67,2.05,2.67,2.1,-3.5,-3.5,-1.5,-2,3.5,1.5,3.5,2,1.9,1.9,1.9,1.9,1.9,1.9,1.9,1.9,49,49,50.5,49,1.9,1.9,1.9,1.9,1.9,1.9,1.9,1.9,
2022-11-06,Atlanta Falcons,Los Angeles Chargers,17,20,,,,2.4,2.25,2.45,2.25,1.62,1.6,1.68,1.68,3,2.5,3,2.5,-3,-3,-2.5,-2.5,1.9,1.95,2,1.95,1.9,1.83,1.86,1.86,47,47,49.5,49.5,1.9,1.9,1.9,1.9,1.9,1.9,1.9,1.9,
2022-11-06,Chicago Bears,Miami Dolphins,32,35,,,,2.55,2.55,2.85,2.65,1.57,1.44,1.57,1.54,3.5,3.5,5,4,-3.5,-5,-3.5,-4,1.9,1.9,1.9,1.86,1.9,1.9,1.9,1.95,41.5,41.5,46.5,46,1.9,1.9,1.9,1.9,1.9,1.9,1.9,1.9,
2022-11-06,Cincinnati Bengals,Carolina Panthers,42,21,,,,1.22,1.22,1.31,1.29,4.5,3.6,4.5,3.7,-9,-9.5,-7,-7,9,7,9.5,7,1.9,1.9,1.9,1.9,1.9,1.9,1.9,1.9,44,42.5,44,42.5,1.9,1.9,1.9,1.9,1.9,1.9,1.9,1.9,
2022-11-06,Detroit Lions,Green Bay Packers,15,9,,,,2.55,2.4,2.75,2.67,1.57,1.47,1.62,1.52,3.5,3,4,4,-3.5,-4,-3,-4,1.9,1.9,1.9,1.9,1.9,1.9,1.9,1.9,49,49,49.5,49.5,1.9,1.9,1.9,1.9,1.9,1.9,1.9,1.9,
2022-11-06,Jacksonville Jaguars,Las Vegas Raiders,27,20,,,,2.05,1.95,2.2,2.2,1.8,1.71,1.86,1.71,1.5,1,2.5,2.5,-1.5,-2.5,-1,-2.5,1.9,1.9,1.95,1.95,1.9,1.86,1.9,1.86,47,46,48,48,1.9,1.9,1.9,1.9,1.9,1.9,1.9,1.9,
2022-11-06,New England Patriots,Indianapolis Colts,26,3,,,,1.36,1.35,1.44,1.43,3.25,2.85,3.3,2.9,-6,-6.5,-5,-5,6,5,6.5,5,1.9,1.9,1.9,1.9,1.9,1.9,1.9,1.9,41,39.5,41,40,1.9,1.9,1.9,1.9,1.9,1.9,1.9,1.9,
2022-11-06,New York Jets,Buffalo Bills,20,17,,,,5,5,6,5.25,1.19,1.14,1.19,1.18,10.5,10.5,13,10.5,-10.5,-13,-10.5,-10.5,1.9,1.9,1.9,1.9,1.9,1.9,1.9,1.9,47.5,46,47.5,46,1.9,1.9,1.9,1.9,1.9,1.9,1.9,1.9,
2022-11-06,Washington Commanders,Minnesota Vikings,17,20,,,,2.25,2.25,2.6,2.45,1.68,1.55,1.68,1.6,2.5,2.5,3.5,3,-2.5,-3.5,-2.5,-3,1.9,1.9,1.9,1.95,1.9,1.9,1.9,1.86,44.5,43.5,44.5,43.5,1.9,1.9,1.9,1.9,1.9,1.9,1.9,1.9,
2022-11-03,Houston Texans,Philadelphia Eagles,17,29,,,,4.5,4.5,6.75,6.5,1.22,1.11,1.22,1.12,9,9,14,14,-9,-14,-9,-14,1.9,1.9,1.9,1.9,1.9,1.9,1.9,1.9,43,43,45.5,45.5,1.9,1.9,1.9,1.9,1.9,1.9,1.9,1.9,
2022-10-31,Cleveland Browns,Cincinnati Bengals,32,13,,,,2.25,2.25,2.6,2.5,1.68,1.55,1.68,1.58,2.5,2.5,3.5,3,-2.5,-3.5,-2.5,-3,1.95,1.95,1.9,2,1.86,1.9,1.86,1.83,45.5,45,47.5,45,1.9,1.9,1.9,1.9,1.9,1.9,1.9,1.9,
2022-10-30,Buffalo Bills,Green Bay Packers,27,17,,,,1.23,1.18,1.23,1.19,4.25,4.25,5.25,5,-8.5,-11.5,-8.5,-10.5,8.5,8.5,11.5,10.5,1.9,1.9,1.9,1.9,1.9,1.9,1.9,1.9,48,47,48,47,1.9,1.9,1.9,1.9,1.9,1.9,1.9,1.9,
2022-10-30,Indianapolis Colts,Washington Commanders,16,17,,,,1.38,1.38,1.71,1.66,3.15,2.2,3.15,2.3,-6,-6,-2.5,-3,6,2.5,6,3,1.9,1.9,1.9,1.95,1.9,1.9,1.9,1.86,42.5,39.5,42.5,40,1.9,1.9,1.9,1.9,1.9,1.9,1.9,1.9,
2022-10-30,Los Angeles Rams,San Francisco 49ers,14,31,,,,1.71,1.71,2.1,1.86,2.2,1.76,2.2,1.95,-2.5,-2.5,2,-1,2.5,-2,2.5,1,1.9,1.9,1.9,1.9,1.9,1.9,1.9,1.9,40,40,43.5,42,1.9,1.9,1.9,1.9,1.9,1.9,1.9,1.9,
2022-10-30,Seattle Seahawks,New York Giants,27,13,,,,1.83,1.58,1.83,1.58,2,2,2.5,2.5,-1.5,-3,-1.5,-3,1.5,1.5,3,3,1.9,1.83,1.9,1.83,1.9,1.9,2,2,43,43,46.5,44.5,1.9,1.9,1.9,1.9,1.9,1.9,1.9,1.9,
2022-10-30,Houston Texans,Tennessee Titans,10,17,,,,2.6,1.86,2.65,2,1.55,1.54,1.95,1.83,3.5,-1,4,1,-3.5,-4,1,-1,1.86,1.9,1.9,1.9,1.95,1.9,1.9,1.9,41,39,41.5,39.5,1.9,1.9,1.9,1.9,1.9,1.9,1.9,1.9,
2022-10-30,Atlanta Falcons,Carolina Panthers,37,34,Y,,,1.37,1.32,1.52,1.5,3.2,2.67,3.5,2.7,-6.5,-7,-4,-4,6.5,4,7,4,1.9,1.9,1.95,1.9,1.9,1.86,1.9,1.9,41,41,42,41,1.9,1.9,1.9,1.9,1.9,1.9,1.9,1.9,
2022-10-30,Dallas Cowboys,Chicago Bears,49,29,,,,1.19,1.18,1.22,1.22,5,4.5,5.25,4.5,-10,-10.5,-9.5,-10,10,9.5,10.5,10,1.9,1.9,1.9,1.9,1.9,1.9,1.9,1.9,43,42,43.5,42.5,1.9,1.9,1.9,1.9,1.9,1.9,1.9,1.9,
2022-10-30,Detroit Lions,Miami Dolphins,27,31,,,,2.45,2.35,2.65,2.65,1.6,1.54,1.64,1.54,3,3,3.5,3.5,-3,-3.5,-3,-3.5,1.9,1.9,1.9,1.9,1.9,1.9,1.9,1.9,49,49,52,52,1.9,1.9,1.9,1.9,1.9,1.9,1.9,1.9,
2022-10-30,Minnesota Vikings,Arizona Cardinals,34,26,,,,1.37,1.37,1.54,1.5,3.2,2.65,3.2,2.7,-6.5,-6.5,-3.5,-4,6.5,3.5,6.5,4,1.9,1.9,1.9,1.9,1.9,1.9,1.9,1.9,47.5,47.5,49,48.5,1.9,1.9,1.9,1.9,1.9,1.9,1.9,1.9,
2022-10-30,New Orleans Saints,Las Vegas Raiders,24,0,,,,1.9,1.86,2.15,2,1.9,1.74,1.95,1.83,-1,-1,2.5,1,1,-2.5,1,-1,1.95,1.9,1.9,1.9,1.86,1.9,1.9,1.9,44,44,49.5,48.5,1.9,1.9,1.9,1.9,1.9,1.9,1.9,1.9,
2022-10-30,New York Jets,New England Patriots,17,22,,,,1.95,1.9,2.4,2.4,1.86,1.62,1.9,1.62,1,1,3,3,-1,-3,-1,-3,1.9,1.86,1.9,1.9,1.9,1.9,1.95,1.9,40,40,41.5,40,1.9,1.9,1.9,1.9,1.9,1.9,1.9,1.9,
2022-10-30,Philadelphia Eagles,Pittsburgh Steelers,35,13,,,,1.22,1.16,1.22,1.16,4.5,4.5,5.5,5.5,-9.5,-11.5,-9.5,-11.5,9.5,9.5,11.5,11.5,1.9,1.9,1.9,1.9,1.9,1.9,1.9,1.9,44,42,44,43,1.9,1.9,1.9,1.9,1.9,1.9,1.9,1.9,
2022-10-30,Jacksonville Jaguars,Denver Broncos,17,21,,,Y,1.6,1.47,1.83,1.83,2.45,2,2.75,2,-3,-4.5,-1,-1,3,1,4.5,1,1.9,1.9,1.9,1.9,1.9,1.9,1.9,1.9,40,39,40.5,40.5,1.9,1.9,1.9,1.9,1.9,1.9,1.9,1.9,Played at Wembley
2022-10-27,Tampa Bay Buccaneers,Baltimore Ravens,22,27,,,,1.6,1.6,2.05,1.76,2.45,1.8,2.45,2.1,-3,-3,1.5,-2,3,-1.5,3,2,1.9,1.9,1.9,1.9,1.9,1.9,1.9,1.9,44,43.5,46.5,46,1.9,1.9,1.9,1.9,1.9,1.9,1.9,1.9,
2022-10-24,New England Patriots,Chicago Bears,14,33,,,,1.38,1.25,1.38,1.25,3.15,3.15,4.2,4.2,-6,-8.5,-6,-8.5,6,6,8.5,8.5,1.9,1.9,1.9,1.9,1.9,1.9,1.9,1.9,38.5,38.5,40.5,40,1.9,1.9,1.9,1.9,1.9,1.9,1.9,1.9,
2022-10-23,Miami Dolphins,Pittsburgh Steelers,16,10,,,,1.38,1.28,1.38,1.29,3.15,3.15,3.75,3.7,-6,-7.5,-6,-7,6,6,7.5,7,1.9,1.9,1.9,1.86,1.9,1.9,1.9,1.95,42.5,42.5,45.5,44,1.9,1.9,1.9,1.9,1.9,1.9,1.9,1.9,
2022-10-23,Los Angeles Chargers,Seattle Seahawks,23,37,,,,1.27,1.27,1.45,1.44,3.8,2.8,3.8,2.85,-7.5,-7.5,-4.5,-4.5,7.5,4.5,7.5,4.5,1.9,1.9,1.9,1.9,1.9,1.9,1.9,1.9,53,50,53.5,51,1.9,1.9,1.9,1.9,1.9,1.9,1.9,1.9,
2022-10-23,San Francisco 49ers,Kansas City Chiefs,23,44,,,,2.05,1.95,2.45,1.95,1.8,1.6,1.86,1.86,1.5,1,3,1,-1.5,-3,-1,-1,1.9,1.9,1.9,1.9,1.9,1.9,1.9,1.9,47.5,46.5,49,49,1.9,1.9,1.9,1.9,1.9,1.9,1.9,1.9,
2022-10-23,Denver Broncos,New York Jets,9,16,,,,1.52,1.52,2.15,2.1,2.67,1.74,2.67,1.76,-3.5,-3.5,2,2,3.5,-2,3.5,-2,1.9,1.9,1.9,1.9,1.9,1.9,1.9,1.9,43.5,36.5,43.5,37,1.9,1.9,1.9,1.9,1.9,1.9,1.9,1.9,
2022-10-23,Las Vegas Raiders,Houston Texans,38,20,,,,1.34,1.31,1.34,1.31,3.35,3.35,3.6,3.55,-7,-7,-6.5,-7,7,6.5,7,7,1.9,1.86,1.86,1.9,1.9,1.95,1.95,1.9,42,42,46.5,46,1.9,1.9,1.9,1.9,1.9,1.9,1.9,1.9,
2022-10-23,Baltimore Ravens,Cleveland Browns,23,20,,,,1.38,1.34,1.38,1.35,3.15,3.15,3.35,3.3,-6,-6.5,-6,-6.5,6,6,6.5,6.5,1.9,1.9,1.9,1.9,1.9,1.9,1.9,1.9,44.5,44.5,46.5,46.5,1.9,1.9,1.9,1.9,1.9,1.9,1.9,1.9,
2022-10-23,Carolina Panthers,Tampa Bay Buccaneers,21,3,,,,4.5,4.5,6.25,6.25,1.22,1.13,1.22,1.13,9.5,9.5,13,13,-9.5,-13,-9.5,-13,1.9,1.9,1.95,1.9,1.9,1.86,1.9,1.9,41,39.5,41,39.5,1.9,1.9,1.9,1.9,1.9,1.9,1.9,1.9,
2022-10-23,Cincinnati Bengals,Atlanta Falcons,35,17,,,,1.32,1.32,1.38,1.33,3.45,3.15,3.5,3.4,-7,-7,-6,-6.5,7,6,7,6.5,1.9,1.9,1.9,1.9,1.9,1.9,1.9,1.9,43.5,43.5,47.5,47.5,1.9,1.9,1.9,1.9,1.9,1.9,1.9,1.9,
2022-10-23,Dallas Cowboys,Detroit Lions,24,6,,,,1.33,1.29,1.34,1.32,3.4,3.35,3.7,3.45,-7,-7,-6.5,-7,7,6.5,7,7,1.9,1.9,1.9,1.95,1.9,1.9,1.9,1.86,47.5,47.5,49.5,49.5,1.9,1.9,1.9,1.9,1.9,1.9,1.9,1.9,
2022-10-23,Jacksonville Jaguars,New York Giants,17,23,,,,1.66,1.58,1.71,1.6,2.3,2.2,2.5,2.45,-3,-3,-2.5,-3,3,2.5,3,3,1.9,1.83,1.86,1.86,1.9,1.95,2,1.95,42,42,43.5,43.5,1.9,1.9,1.9,1.9,1.9,1.9,1.9,1.9,
2022-10-23,Tennessee Titans,Indianapolis Colts,19,10,,,,1.8,1.66,1.8,1.68,2.05,2.05,2.3,2.25,-1.5,-3,-1.5,-2.5,1.5,1.5,3,2.5,1.9,1.95,1.9,1.86,1.9,1.9,1.86,1.95,42,41.5,43.5,42.5,1.9,1.9,1.9,1.9,1.9,1.9,1.9,1.9,
2022-10-23,Washington Commanders,Green Bay Packers,23,21,,,,2.85,2.75,3.3,2.75,1.44,1.35,1.47,1.47,5.5,4,7,4,-5.5,-7,-4,-4,1.9,1.9,1.86,1.9,1.9,1.95,1.9,1.9,43.5,41,43.5,41.5,1.9,1.9,1.9,1.9,1.9,1.9,1.9,1.9,
2022-10-20,Arizona Cardinals,New Orleans Saints,42,34,,,,1.74,1.68,1.83,1.71,2.15,2,2.25,2.2,-2.5,-2.5,-1.5,-2.5,2.5,1.5,2.5,2.5,1.9,1.86,1.9,1.9,1.9,1.9,1.95,1.9,46,43.5,46,43.5,1.9,1.9,1.9,1.9,1.9,1.9,1.9,1.9,
2022-10-17,Los Angeles Chargers,Denver Broncos,19,16,Y,,,1.5,1.37,1.5,1.5,2.7,2.7,3.2,2.7,-4,-6.5,-4,-4,4,4,6.5,4,1.9,1.9,1.9,1.9,1.9,1.9,1.9,1.9,47.5,45,47.5,45.5,1.9,1.9,1.9,1.9,1.9,1.9,1.9,1.9,
2022-10-16,Philadelphia Eagles,Dallas Cowboys,26,17,,,,1.44,1.34,1.44,1.34,2.85,2.85,3.35,3.35,-5.5,-6.5,-5,-6.5,5.5,5,6.5,6.5,1.9,1.86,1.9,1.86,1.9,1.9,1.95,1.95,45.5,42,45.5,42.5,1.9,1.9,1.9,1.9,1.9,1.9,1.9,1.9,
2022-10-16,Kansas City Chiefs,Buffalo Bills,20,24,,,,1.9,1.9,2.3,2.3,1.9,1.66,1.9,1.66,-1,-1,3,2.5,1,-3,1,-2.5,1.95,1.95,1.86,1.95,1.86,1.95,1.86,1.86,53.5,53.5,54.5,54,1.9,1.9,1.9,1.9,1.9,1.9,1.9,1.9,
2022-10-16,Los Angeles Rams,Carolina Panthers,24,10,,,,1.22,1.18,1.22,1.22,4.5,4.5,5.25,4.5,-9.5,-11,-9,-10,9.5,9,11,10,1.9,1.9,1.9,1.95,1.9,1.9,1.9,1.86,42,41,42,41,1.9,1.9,1.9,1.9,1.9,1.9,1.9,1.9,
2022-10-16,Seattle Seahawks,Arizona Cardinals,19,9,,,,2.15,2.15,2.25,2.15,1.74,1.68,1.74,1.74,2.5,2.5,3,2.5,-2.5,-3,-2.5,-2.5,1.9,1.9,1.9,1.9,1.9,1.9,1.9,1.9,47,47,51.5,50.5,1.9,1.9,1.9,1.9,1.9,1.9,1.9,1.9,
2022-10-16,Atlanta Falcons,San Francisco 49ers,28,14,,,,3.35,2.75,3.35,2.75,1.34,1.34,1.47,1.47,6.5,4,6.5,4,-6.5,-6.5,-4,-4,1.95,1.9,1.95,1.9,1.86,1.86,1.9,1.9,43,42.5,45.5,45.5,1.9,1.9,1.9,1.9,1.9,1.9,1.9,1.9,
2022-10-16,Cleveland Browns,New England Patriots,15,38,,,,1.57,1.54,1.71,1.66,2.55,2.2,2.65,2.3,-3.5,-3.5,-2.5,-2.5,3.5,2.5,3.5,2.5,1.9,1.9,1.9,1.83,1.9,1.9,1.9,2,41.5,41.5,43.5,43,1.9,1.9,1.9,1.9,1.9,1.9,1.9,1.9,
2022-10-16,Green Bay Packers,New York Jets,10,27,,,,1.22,1.22,1.3,1.27,4.5,3.65,4.5,3.9,-9.5,-9.5,-7,-7.5,9.5,7,9.5,7.5,1.9,1.9,1.86,1.9,1.9,1.95,1.9,1.9,44,44,46,45,1.9,1.9,1.9,1.9,1.9,1.9,1.9,1.9,
2022-10-16,Indianapolis Colts,Jacksonville Jaguars,34,27,,,,1.74,1.71,1.9,1.8,2.15,1.9,2.2,2.05,-2.5,-2.5,-1,-1,2.5,1,2.5,1,1.9,1.9,1.95,1.86,1.9,1.86,1.9,1.95,44,41,44,41,1.9,1.86,1.9,1.9,1.9,1.9,1.9,1.9,
2022-10-16,Miami Dolphins,Minnesota Vikings,16,24,,,,1.83,1.83,2.55,2.5,2,1.57,2,1.58,-1,-1.5,3.5,3,1,-3.5,1.5,-3,1.9,1.9,1.9,2,1.9,1.9,1.9,1.83,46.5,45,46.5,45,1.9,1.9,1.9,1.9,1.9,1.9,1.9,1.9,
2022-10-16,New Orleans Saints,Cincinnati Bengals,26,30,,,,2,1.9,2.45,2.45,1.83,1.6,1.9,1.6,1,-1,3,3,-1,-3,1,-3,1.9,1.95,1.95,1.95,1.9,1.86,1.86,1.86,44,42.5,44,42.5,1.9,1.9,1.9,1.9,1.9,1.9,1.9,1.9,
2022-10-16,New York Giants,Baltimore Ravens,24,20,,,,3.1,2.85,3.1,3,1.4,1.4,1.44,1.41,5.5,5,6,5.5,-5.5,-6,-5,-5.5,1.95,1.9,1.9,1.9,1.86,1.9,1.9,1.9,43.5,43.5,46,45.5,1.9,1.9,1.9,1.9,1.9,1.9,1.9,1.9,
2022-10-16,Pittsburgh Steelers,Tampa Bay Buccaneers,20,18,,,,3.25,3.25,4.5,4.5,1.36,1.22,1.36,1.22,6.5,6.5,10,10,-6.5,-10,-6.5,-10,1.9,1.9,1.86,1.86,1.9,1.95,1.9,1.95,44.5,42.5,46.5,46.5,1.9,1.9,1.9,1.9,1.9,1.9,1.9,1.9,
2022-10-13,Chicago Bears,Washington Commanders,7,12,,,,2,1.86,2,2,1.83,1.83,1.95,1.83,1,-1,1,1,-1,-1,1,-1,1.9,1.9,1.9,1.9,1.9,1.9,1.9,1.9,40,38,40,38,1.9,1.9,1.9,1.9,1.9,1.9,1.9,1.9,
2022-10-10,Kansas City Chiefs,Las Vegas Raiders,30,29,,,,1.28,1.27,1.29,1.28,3.75,3.7,3.8,3.75,-7,-7,-7,-7,7,7,7,7,1.86,1.83,1.9,1.86,1.95,1.9,2,1.95,52.5,51,53,51.5,1.9,1.9,1.9,1.9,1.9,1.9,1.9,1.9,
2022-10-09,Baltimore Ravens,Cincinnati Bengals,19,17,,,,1.54,1.54,1.62,1.6,2.65,2.4,2.65,2.45,-3.5,-3.5,-3,-3,3.5,3,3.5,3,2,1.95,1.9,1.86,1.83,1.9,1.86,1.95,48,47.5,48.5,48,1.9,1.9,1.9,1.9,1.9,1.9,1.9,1.9,
2022-10-09,Arizona Cardinals,Philadelphia Eagles,17,20,,,,2.9,2.9,2.95,2.95,1.43,1.42,1.43,1.42,5.5,5,5.5,5.5,-5.5,-5.5,-5,-5.5,1.9,1.9,1.9,1.9,1.9,1.9,1.9,1.9,49.5,48.5,49.5,49,1.9,1.9,1.9,1.9,1.9,1.9,1.9,1.9,
2022-10-09,Los Angeles Rams,Dallas Cowboys,10,22,,,,1.4,1.4,1.5,1.43,3.1,2.7,3.1,2.9,-4.5,-5.5,-4,-5,4.5,4,5.5,5,1.9,1.9,1.86,1.86,1.9,1.95,1.9,1.95,45.5,41.5,45.5,41.5,1.9,1.9,1.9,1.9,1.9,1.9,1.9,1.9,
2022-10-09,Carolina Panthers,San Francisco 49ers,15,37,,,,2.75,2.75,3.35,3.15,1.47,1.34,1.47,1.38,5,5,6.5,6,-5,-6.5,-5,-6,1.9,1.9,1.9,1.9,1.9,1.9,1.9,1.9,39.5,39,40,40,1.9,1.9,1.9,1.9,1.9,1.9,1.9,1.9,
2022-10-09,Buffalo Bills,Pittsburgh Steelers,38,3,,,,1.11,1.1,1.11,1.1,6.75,6.75,7.25,7.25,-14,-14,-14,-14,14,14,14,14,1.9,1.9,1.9,1.9,1.9,1.9,1.9,1.9,47,44.5,47,44.5,1.9,1.9,1.9,1.9,1.9,1.9,1.9,1.9,
2022-10-09,Cleveland Browns,Los Angeles Chargers,28,30,,,,2.3,2.05,2.35,2.05,1.66,1.64,1.8,1.8,3,1,3,1.5,-3,-3,-1,-1.5,1.9,1.95,1.9,1.9,1.9,1.9,1.86,1.9,48.5,46.5,48.5,46.5,1.9,1.9,1.9,1.9,1.9,1.9,1.9,1.9,
2022-10-09,Jacksonville Jaguars,Houston Texans,6,13,,,,1.31,1.29,1.32,1.32,3.6,3.5,3.7,3.5,-7,-7,-7,-7,7,7,7,7,1.9,1.86,1.95,1.95,1.9,1.86,1.95,1.86,44.5,43.5,44.5,43.5,1.9,1.9,1.9,1.9,1.9,1.9,1.9,1.9,
2022-10-09,Minnesota Vikings,Chicago Bears,29,22,,,,1.31,1.25,1.31,1.25,3.55,3.55,4.1,4.1,-7,-8.5,-7,-8.5,7,7,8.5,8.5,1.9,1.9,1.9,1.9,1.9,1.9,1.9,1.9,43,43,44.5,44,1.9,1.9,1.9,1.9,1.9,1.9,1.9,1.9,
2022-10-09,New England Patriots,Detroit Lions,29,0,,,,1.68,1.58,1.68,1.64,2.25,2.25,2.5,2.35,-3,-3,-3,-3,3,3,3,3,1.95,1.83,1.95,1.95,1.86,1.86,2,1.86,47,45.5,47,47,1.9,1.9,1.9,1.9,1.9,1.9,1.9,1.9,
2022-10-09,New Orleans Saints,Seattle Seahawks,39,32,,,,1.5,1.4,1.5,1.42,2.7,2.7,3.1,2.95,-4,-5.5,-4,-5.5,4,4,5.5,5.5,1.9,1.9,1.9,1.9,1.9,1.9,1.9,1.9,45,45,46,45,1.9,1.9,1.9,1.9,1.9,1.9,1.9,1.9,
2022-10-09,New York Jets,Miami Dolphins,40,17,,,,2.35,2.35,2.65,2.5,1.64,1.54,1.64,1.58,3,3,3.5,3,-3,-3.5,-3,-3,1.9,1.9,1.9,2,1.9,1.9,1.9,1.83,44.5,43,46,46,1.9,1.9,1.9,1.9,1.9,1.9,1.9,1.9,
2022-10-09,Tampa Bay Buccaneers,Atlanta Falcons,21,15,,,,1.27,1.19,1.27,1.19,3.8,3.8,5,5,-7.5,-10.5,-7.5,-10.5,7.5,7.5,10.5,10.5,1.9,1.9,1.9,1.9,1.9,1.9,1.9,1.9,48,46,48,46,1.9,1.9,1.9,1.9,1.9,1.9,1.9,1.9,
2022-10-09,Washington Commanders,Tennessee Titans,17,21,,,,2.25,1.95,2.25,1.95,1.68,1.68,1.86,1.86,2.5,1,2.5,1,-2.5,-2.5,-1,-1,1.95,1.86,2,1.86,1.86,1.83,1.95,1.95,43.5,42.5,43.5,43,1.9,1.9,1.9,1.9,1.9,1.9,1.9,1.9,
2022-10-09,Green Bay Packers,New York Giants,22,27,,,Y,1.27,1.23,1.27,1.23,3.8,3.8,4.25,4.25,-8,-9,-8,-9,8,8,9,9,1.9,1.9,1.9,1.9,1.9,1.9,1.9,1.9,41.5,41,42,42,1.9,1.9,1.9,1.9,1.9,1.9,1.9,1.9,Played at Tottenham Hotspur Stadium
2022-10-06,Denver Broncos,Indianapolis Colts,9,12,Y,,,1.58,1.52,1.6,1.57,2.5,2.45,2.67,2.55,-3,-3.5,-3,-3,3,3,3.5,3,1.9,1.9,1.9,1.83,1.9,1.9,1.9,2,43,42,43.5,42,1.9,1.9,1.9,1.9,1.9,1.9,1.9,1.9,
2022-10-03,San Francisco 49ers,Los Angeles Rams,24,9,,,,1.86,1.68,1.86,1.8,1.95,1.95,2.25,2.05,-1.5,-2.5,-1,-1.5,1.5,1,2.5,1.5,1.9,1.86,1.86,1.9,1.9,1.95,1.95,1.9,47.5,42,47.5,42.5,1.9,1.9,1.9,1.9,1.9,1.9,1.9,1.9,
2022-10-02,Tampa Bay Buccaneers,Kansas City Chiefs,31,41,,,,2.05,1.76,2.3,1.76,1.8,1.66,2.1,2.1,1.5,-1.5,3,-1.5,-1.5,-3,1.5,1.5,1.9,1.86,1.9,1.86,1.9,1.9,1.95,1.95,48.5,44,48.5,47.5,1.9,1.9,1.9,1.9,1.9,1.9,1.9,1.9,
2022-10-02,Green Bay Packers,New England Patriots,27,24,Y,,,1.35,1.18,1.35,1.22,3.3,3.3,5.25,4.5,-6.5,-11,-6,-9.5,6.5,6,11,9.5,1.9,1.9,1.9,1.9,1.9,1.9,1.9,1.9,42.5,39.5,42.5,40,1.9,1.9,1.9,1.9,1.9,1.9,1.9,1.9,
2022-10-02,Las Vegas Raiders,Denver Broncos,32,23,,,,1.8,1.66,1.83,1.66,2.05,2,2.3,2.3,-2,-2.5,-1.5,-2.5,2,1.5,2.5,2.5,1.9,1.83,1.9,1.83,1.9,1.9,2,2,46,43,46,45.5,1.9,1.9,1.9,1.9,1.9,1.9,1.9,1.9,
2022-10-02,Carolina Panthers,Arizona Cardinals,16,26,,,,2.25,1.8,2.25,1.86,1.68,1.68,2.05,1.95,2.5,-2,2.5,-1,-2.5,-2.5,2,1,1.9,1.9,1.95,1.9,1.9,1.86,1.9,1.9,46.5,42.5,46.5,43.5,1.9,1.9,1.9,1.9,1.9,1.9,1.9,1.9,
2022-10-02,Atlanta Falcons,Cleveland Browns,23,20,,,,2.45,2,2.45,2,1.6,1.6,1.83,1.83,3,1,3,1,-3,-3,-1,-1,1.9,1.9,1.9,1.95,1.9,1.9,1.9,1.86,45,45,50,48.5,1.9,1.9,1.9,1.9,1.9,1.9,1.9,1.9,
2022-10-02,Baltimore Ravens,Buffalo Bills,20,23,,,,2.6,2.4,2.65,2.5,1.55,1.54,1.62,1.58,4,3,4,3,-4,-4,-3,-3,1.9,1.9,1.9,2,1.9,1.9,1.9,1.83,54.5,50,54.5,50,1.9,1.9,1.9,1.9,1.9,1.9,1.9,1.9,
2022-10-02,Dallas Cowboys,Washington Commanders,25,10,,,,1.66,1.55,1.68,1.62,2.3,2.25,2.6,2.4,-2.5,-3.5,-2.5,-3,2.5,2.5,3.5,3,1.86,1.95,1.9,1.9,1.95,1.9,1.86,1.9,43,41,43,41,1.9,1.9,1.9,1.9,1.9,1.9,1.9,1.9,
2022-10-02,Detroit Lions,Seattle Seahawks,45,48,,,,1.44,1.36,1.55,1.55,2.85,2.6,3.25,2.6,-5.5,-6.5,-3.5,-3.5,5.5,3.5,6.5,3.5,1.9,1.9,1.95,1.95,1.9,1.86,1.9,1.86,46,46,50,48.5,1.9,1.9,1.9,1.9,1.9,1.9,1.9,1.9,
2022-10-02,Houston Texans,Los Angeles Chargers,24,34,,,,3.6,2.9,3.7,3.05,1.31,1.29,1.43,1.4,7,5,7,5.5,-7,-7,-5,-5.5,1.9,1.9,1.9,1.9,1.9,1.9,1.9,1.9,46,44,46,45,1.9,1.9,1.9,1.9,1.9,1.9,1.9,1.9,
2022-10-02,Indianapolis Colts,Tennessee Titans,17,24,,,,1.54,1.5,1.58,1.52,2.65,2.5,2.7,2.67,-3.5,-3.5,-3,-3.5,3.5,3,3.5,3.5,1.9,1.86,1.9,1.86,1.9,1.9,1.95,1.95,44.5,42.5,44.5,43,1.9,1.9,1.9,1.9,1.9,1.9,1.9,1.9,
2022-10-02,New York Giants,Chicago Bears,20,12,,,,1.6,1.54,1.68,1.66,2.45,2.25,2.65,2.3,-3,-3.5,-3,-3,3,3,3.5,3,1.9,1.9,2,2,1.9,1.83,1.9,1.83,39.5,38.5,39.5,39.5,1.9,1.9,1.9,1.9,1.9,1.9,1.9,1.9,
2022-10-02,Philadelphia Eagles,Jacksonville Jaguars,29,21,,,,1.31,1.31,1.35,1.34,3.6,3.3,3.6,3.35,-7,-7,-6.5,-6.5,7,6.5,7,6.5,1.9,1.9,1.9,1.9,1.9,1.9,1.9,1.9,48,43.5,48.5,44,1.9,1.9,1.9,1.9,1.9,1.9,1.9,1.9,
2022-10-02,Pittsburgh Steelers,New York Jets,20,24,,,,1.58,1.52,1.62,1.62,2.5,2.4,2.67,2.4,-3.5,-4,-3,-3,3.5,3,4,3,2,1.9,1.9,1.9,1.83,1.9,1.9,1.9,42.5,40.5,42.5,41,1.9,1.9,1.9,1.9,1.9,1.9,1.9,1.9,
2022-10-02,New Orleans Saints,Minnesota Vikings,25,28,,,Y,1.95,1.95,2.8,2.75,1.86,1.45,1.86,1.47,1,1,4,4,-1,-4,-1,-4,1.9,1.9,1.95,1.9,1.9,1.86,1.9,1.9,44.5,41.5,44.5,42,1.9,1.9,1.9,1.9,1.9,1.9,1.9,1.9,Played at Tottenham Hotspur Stadium
2022-09-29,Cincinnati Bengals,Miami Dolphins,27,15,,,,1.8,1.47,1.8,1.5,2.05,2.05,2.75,2.7,-1.5,-4,-1.5,-4,1.5,1.5,4,4,1.9,1.9,1.9,1.9,1.9,1.9,1.9,1.9,48.5,47,49,49,1.9,1.9,1.9,1.9,1.9,1.9,1.9,1.9,
2022-09-26,New York Giants,Dallas Cowboys,16,23,,,,1.52,1.52,1.86,1.86,2.67,1.95,2.67,1.95,-4,-4,-1,-1,4,1,4,1,1.9,1.9,1.95,1.9,1.9,1.86,1.9,1.9,40.5,38.5,40.5,38.5,1.9,1.9,1.9,1.9,1.9,1.9,1.9,1.9,
2022-09-25,Denver Broncos,San Francisco 49ers,11,10,,,,1.66,1.66,2.05,2,2.3,1.8,2.3,1.83,-3,-3,1.5,1.5,3,-1.5,3,-1.5,2,2,1.9,1.9,1.83,1.9,1.83,1.9,46,43,46,45,1.9,1.9,1.9,1.9,1.9,1.9,1.9,1.9,
2022-09-25,Arizona Cardinals,Los Angeles Rams,12,20,,,,2.7,2.55,2.75,2.55,1.5,1.47,1.57,1.57,4.5,3.5,4.5,3.5,-4.5,-4.5,-3.5,-3.5,1.9,1.86,1.9,1.9,1.9,1.9,1.95,1.9,51.5,48.5,51.5,48.5,1.9,1.9,1.9,1.9,1.9,1.9,1.9,1.9,
2022-09-25,Seattle Seahawks,Atlanta Falcons,23,27,,,,1.58,1.58,1.9,1.86,2.5,1.9,2.5,1.95,-3,-3,-1,-1,3,1,3,1,1.9,1.9,1.95,1.9,1.9,1.86,1.9,1.9,42.5,41,43.5,43.5,1.9,1.9,1.9,1.9,1.9,1.9,1.9,1.9,
2022-09-25,Tampa Bay Buccaneers,Green Bay Packers,12,14,,,,1.58,1.58,1.86,1.8,2.5,1.95,2.5,2.05,-3,-3,-1,-1.5,3,1,3,1.5,1.9,1.9,1.9,1.9,1.9,1.9,1.9,1.9,48,41,48,42,1.9,1.9,1.9,1.9,1.9,1.9,1.9,1.9,
2022-09-25,Los Angeles Chargers,Jacksonville Jaguars,10,38,,,,1.23,1.23,1.6,1.37,4.25,2.45,4.25,3.2,-9,-9,-3,-6.5,9,3,9,6.5,1.9,1.9,1.9,1.9,1.9,1.9,1.9,1.9,50.5,42,50.5,46.5,1.9,1.9,1.9,1.9,1.9,1.9,1.9,1.9,
2022-09-25,Carolina Panthers,New Orleans Saints,22,14,,,,2.2,2.1,2.35,2.1,1.71,1.64,1.76,1.76,2.5,2,3,2,-2.5,-3,-2,-2,1.9,1.9,1.9,1.9,1.9,1.9,1.9,1.9,42.5,40.5,42.5,41,1.9,1.9,1.9,1.9,1.9,1.9,1.9,1.9,
2022-09-25,Chicago Bears,Houston Texans,23,20,,,,1.6,1.6,1.68,1.62,2.45,2.25,2.45,2.4,-3,-3,-2.5,-3,3,2.5,3,3,1.9,1.9,1.9,1.9,1.9,1.9,1.9,1.9,39,38.5,40.5,39,1.9,1.9,1.9,1.9,1.9,1.9,1.9,1.9,
2022-09-25,Indianapolis Colts,Kansas City Chiefs,20,17,,,,2.4,2.4,3.35,2.9,1.62,1.34,1.62,1.43,3,3,6.5,5,-3,-6.5,-3,-5,1.9,1.9,1.9,1.9,1.9,1.9,1.9,1.9,52.5,47,52.5,51,1.9,1.9,1.9,1.9,1.9,1.9,1.9,1.9,
2022-09-25,Miami Dolphins,Buffalo Bills,21,19,,,,2.7,2.7,3,2.7,1.5,1.41,1.5,1.5,4.5,4,6,4,-4.5,-6,-4,-4,1.9,1.9,1.9,1.95,1.9,1.9,1.9,1.86,51,50.5,54.5,54.5,1.9,1.9,1.9,1.9,1.9,1.9,1.9,1.9,
2022-09-25,Minnesota Vikings,Detroit Lions,28,24,,,,1.29,1.29,1.4,1.37,3.7,3.1,3.7,3.2,-7.5,-7.5,-6,-6.5,7.5,6,7.5,6.5,1.9,1.9,1.9,1.95,1.9,1.9,1.9,1.86,50,50,53.5,51.5,1.9,1.9,1.9,1.9,1.9,1.9,1.9,1.9,
2022-09-25,New England Patriots,Baltimore Ravens,26,37,,,,2.4,2.2,2.4,2.25,1.62,1.62,1.71,1.68,3,2.5,3,2.5,-3,-3,-2.5,-2.5,1.9,1.9,1.9,2,1.9,1.9,1.9,1.83,43,42.5,44.5,44.5,1.9,1.9,1.9,1.9,1.9,1.9,1.9,1.9,
2022-09-25,New York Jets,Cincinnati Bengals,12,27,,,,3,2.75,3.2,3.2,1.41,1.37,1.47,1.37,6,4.5,6.5,6.5,-6,-6.5,-4.5,-6.5,1.9,1.9,1.9,1.9,1.9,1.9,1.9,1.9,43,43,46,46,1.9,1.9,1.9,1.9,1.9,1.9,1.9,1.9,
2022-09-25,Tennessee Titans,Las Vegas Raiders,24,22,,,,1.9,1.9,2.1,2.1,1.9,1.76,1.9,1.76,-1,-1,2.5,2,1,-2.5,1,-2,1.95,1.95,1.9,1.9,1.86,1.9,1.86,1.9,47,45.5,47,45.5,1.9,1.9,1.9,1.9,1.9,1.9,1.9,1.9,
2022-09-25,Washington Commanders,Philadelphia Eagles,8,24,,,,2.4,2.4,3.35,3.15,1.62,1.34,1.62,1.38,3,3,6.5,6,-3,-6.5,-3,-6,1.9,1.9,1.9,1.86,1.9,1.9,1.9,1.95,50,47,50.5,47.5,1.9,1.9,1.9,1.9,1.9,1.9,1.9,1.9,
2022-09-22,Cleveland Browns,Pittsburgh Steelers,29,17,,,,1.58,1.45,1.58,1.45,2.5,2.5,2.8,2.8,-3,-5,-3,-4.5,3,3,5,4.5,1.9,1.9,1.9,1.9,1.9,1.9,1.9,1.9,40.5,38,40.5,38,1.9,1.9,1.9,1.9,1.9,1.9,1.9,1.9,
2022-09-19,Philadelphia Eagles,Minnesota Vikings,24,7,,,,1.74,1.68,1.8,1.68,2.15,2.05,2.25,2.25,-2.5,-3,-1.5,-2.5,2.5,1.5,3,2.5,1.9,1.9,1.9,1.83,1.9,1.9,1.9,2,48,47.5,51.5,49.5,1.9,1.9,1.9,1.9,1.9,1.9,1.9,1.9,
2022-09-19,Buffalo Bills,Tennessee Titans,41,7,,,,1.28,1.18,1.28,1.22,3.75,3.75,5.25,4.5,-7,-10,-7,-10,7,7,10,10,1.9,1.9,1.9,1.9,1.9,1.9,1.9,1.9,51,47.5,51,47.5,1.9,1.86,1.9,1.9,1.9,1.9,1.9,1.9,
2022-09-18,Green Bay Packers,Chicago Bears,27,10,,,,1.2,1.18,1.22,1.2,4.75,4.5,5.25,4.75,-9,-10,-9,-10,9,9,10,10,1.9,1.9,1.9,1.9,1.9,1.9,1.9,1.9,45.5,41.5,45.5,42,1.9,1.9,1.9,1.9,1.9,1.9,1.9,1.9,
2022-09-18,Dallas Cowboys,Cincinnati Bengals,20,17,,,,1.8,1.74,3.9,3.75,2.05,1.27,2.15,1.28,-1.5,-2.5,7.5,7,1.5,-7.5,2.5,-7,1.9,1.9,1.9,1.95,1.9,1.9,1.9,1.86,49.5,41.5,51,42,1.9,1.9,1.9,1.9,1.9,1.9,1.9,1.9,
2022-09-18,Denver Broncos,Houston Texans,16,9,,,,1.16,1.16,1.2,1.2,5.5,4.75,5.5,4.75,-10.5,-10.5,-10,-10,10.5,10,10.5,10,1.9,1.9,1.9,1.9,1.9,1.9,1.9,1.9,42,42,46,45.5,1.9,1.9,1.9,1.9,1.9,1.9,1.9,1.9,
2022-09-18,Las Vegas Raiders,Arizona Cardinals,23,29,Y,,,1.71,1.4,1.71,1.42,2.2,2.2,3.1,2.95,-2.5,-6,-2.5,-5.5,2.5,2.5,6,5.5,1.9,1.9,1.9,1.9,1.9,1.9,1.9,1.9,51,51,52,52,1.9,1.9,1.9,1.9,1.9,1.9,1.9,1.9,
2022-09-18,Los Angeles Rams,Atlanta Falcons,31,27,,,,1.11,1.11,1.2,1.2,6.75,4.75,7,4.75,-13.5,-13.5,-10,-10,13.5,10,13.5,10,1.9,1.9,1.9,1.9,1.9,1.9,1.9,1.9,49.5,46,49.5,46,1.9,1.9,1.9,1.9,1.9,1.9,1.9,1.9,
2022-09-18,San Francisco 49ers,Seattle Seahawks,27,7,,,,1.25,1.2,1.25,1.25,4.2,4.1,4.75,4.1,-8,-10,-8,-8.5,8,8,10,8.5,1.9,1.9,1.9,1.9,1.9,1.9,1.9,1.9,43.5,39.5,44,39.5,1.9,1.9,1.9,1.9,1.9,1.9,1.9,1.9,
2022-09-18,Baltimore Ravens,Miami Dolphins,38,42,,,,1.52,1.52,1.57,1.57,2.67,2.55,2.67,2.55,-3.5,-4,-3.5,-3.5,3.5,3.5,4,3.5,1.9,1.9,1.95,1.95,1.9,1.86,1.9,1.86,46,43.5,46,44,1.9,1.9,1.9,1.9,1.9,1.9,1.9,1.9,
2022-09-18,Cleveland Browns,New York Jets,30,31,,,,1.35,1.35,1.5,1.36,3.3,2.7,3.3,3.25,-6.5,-6.5,-4.5,-6.5,6.5,4.5,6.5,6.5,1.9,1.86,1.9,1.9,1.9,1.9,1.95,1.9,43.5,38.5,43.5,38.5,1.9,1.9,1.9,1.9,1.9,1.9,1.9,1.9,
2022-09-18,Detroit Lions,Washington Commanders,36,27,,,,2.05,1.74,2.05,1.86,1.8,1.8,2.15,1.95,1.5,-2.5,2,-1,-1.5,-2,2.5,1,1.9,1.9,1.9,1.95,1.9,1.9,1.9,1.86,44,44,49,48,1.9,1.9,1.9,1.9,1.9,1.9,1.9,1.9,
2022-09-18,Jacksonville Jaguars,Indianapolis Colts,24,0,,,,2.7,2.4,2.75,2.4,1.5,1.47,1.62,1.62,4.5,3,4.5,3,-4.5,-4.5,-3,-3,1.9,1.9,1.9,1.9,1.9,1.9,1.9,1.9,45.5,43.5,47,43.5,1.9,1.9,1.9,1.9,1.9,1.9,1.9,1.9,
2022-09-18,New Orleans Saints,Tampa Bay Buccaneers,10,20,,,,2.6,2.15,2.65,2.25,1.55,1.54,1.74,1.68,4,2,4,2.5,-4,-4,-2,-2.5,1.9,1.95,1.9,1.95,1.9,1.9,1.86,1.86,47,43.5,47,43.5,1.9,1.9,1.9,1.9,1.9,1.9,1.9,1.9,
2022-09-18,New York Giants,Carolina Panthers,19,16,,,,1.8,1.74,1.95,1.95,2.05,1.86,2.15,1.86,-1.5,-2.5,1,1,1.5,-1,2.5,-1,1.9,1.9,1.9,1.9,1.9,1.9,1.9,1.9,42.5,42.5,43.5,43.5,1.9,1.9,1.9,1.9,1.9,1.9,1.9,1.9,
2022-09-18,Pittsburgh Steelers,New England Patriots,14,17,,,,2,1.95,2.35,2.35,1.83,1.64,1.86,1.64,1.5,1,3,3,-1.5,-3,-1,-3,1.9,1.9,1.9,1.9,1.9,1.9,1.9,1.9,43,40,43,40,1.9,1.9,1.9,1.9,1.9,1.9,1.9,1.9,
2022-09-15,Kansas City Chiefs,Los Angeles Chargers,27,24,,,,1.62,1.47,1.62,1.47,2.4,2.4,2.75,2.75,-3,-4,-3,-4,3,3,4,4,1.9,1.9,1.9,1.9,1.9,1.9,1.9,1.9,52.5,52.5,54.5,52.5,1.9,1.9,1.9,1.9,1.9,1.9,1.9,1.9,
2022-09-12,Seattle Seahawks,Denver Broncos,17,16,,,,2.6,2.6,3.4,3.25,1.55,1.33,1.55,1.36,4,4,6.5,6,-4,-6.5,-4,-6,1.9,1.9,1.95,1.9,1.9,1.86,1.9,1.9,41,41,44.5,44,1.9,1.9,1.9,1.9,1.9,1.9,1.9,1.9,
2022-09-11,Dallas Cowboys,Tampa Bay Buccaneers,3,19,,,,2.15,2,2.2,2.15,1.74,1.71,1.83,1.74,2,1,2.5,2.5,-2,-2.5,-1,-2.5,1.9,1.9,1.9,1.9,1.9,1.9,1.9,1.9,52,49.5,52,49.5,1.9,1.9,1.9,1.9,1.9,1.9,1.9,1.9,
2022-09-11,Arizona Cardinals,Kansas City Chiefs,21,44,,,,2.3,2.3,3.2,3.15,1.66,1.37,1.66,1.38,3,3,6.5,6,-3,-6.5,-3,-6,1.9,1.9,1.9,1.9,1.9,1.9,1.9,1.9,53,53,54,54,1.9,1.9,1.9,1.9,1.9,1.9,1.9,1.9,
2022-09-11,Los Angeles Chargers,Las Vegas Raiders,24,19,,,,1.5,1.5,1.55,1.55,2.7,2.6,2.7,2.6,-4,-4,-3,-3.5,4,3,4,3.5,1.9,1.9,1.83,1.9,1.9,2,1.9,1.9,51.5,51.5,52.5,52.5,1.9,1.9,1.9,1.9,1.9,1.9,1.9,1.9,
2022-09-11,Minnesota Vikings,Green Bay Packers,23,7,,,,2,1.76,2.15,1.76,1.83,1.74,2.1,2.1,1.5,-2,2,-2,-1.5,-2,2,2,1.9,1.9,1.9,1.9,1.9,1.9,1.9,1.9,49,46.5,49,46.5,1.9,1.9,1.9,1.9,1.9,1.9,1.9,1.9,
2022-09-11,Tennessee Titans,New York Giants,20,21,,,,1.34,1.34,1.4,1.4,3.35,3.1,3.35,3.1,-6.5,-6.5,-5.5,-5.5,6.5,5.5,6.5,5.5,1.9,1.9,1.9,1.9,1.9,1.9,1.9,1.9,44,43.5,44,44,1.9,1.9,1.9,1.9,1.9,1.9,1.9,1.9,
2022-09-11,Atlanta Falcons,New Orleans Saints,26,27,,,,2.55,2.55,3,2.9,1.57,1.41,1.57,1.43,3.5,3.5,5.5,5.5,-3.5,-5.5,-3.5,-5.5,1.9,1.9,1.9,1.9,1.9,1.9,1.9,1.9,42,41.5,44,44,1.9,1.9,1.9,1.9,1.9,1.9,1.9,1.9,
2022-09-11,Carolina Panthers,Cleveland Browns,24,26,,,,2.75,1.71,2.75,1.86,1.47,1.47,2.2,1.95,4.5,-2.5,4.5,-1,-4.5,-4.5,2.5,1,1.9,1.9,1.9,1.9,1.9,1.9,1.9,1.9,43.5,40.5,43.5,42,1.9,1.9,1.9,1.9,1.9,1.9,1.9,1.9,
2022-09-11,Chicago Bears,San Francisco 49ers,19,10,,,,3.35,3.25,3.5,3.3,1.34,1.32,1.36,1.35,6.5,6.5,7,6.5,-6.5,-7,-6.5,-6.5,1.9,1.9,1.9,1.9,1.9,1.9,1.9,1.9,42,38,42,38,1.9,1.9,1.9,1.9,1.9,1.9,1.9,1.9,
2022-09-11,Cincinnati Bengals,Pittsburgh Steelers,20,23,Y,,,1.37,1.3,1.37,1.3,3.2,3.2,3.65,3.65,-6.5,-7,-6.5,-7,6.5,6.5,7,7,1.9,1.86,1.9,1.9,1.9,1.9,1.95,1.9,44.5,44,44.5,44.5,1.9,1.9,1.9,1.9,1.9,1.9,1.9,1.9,
2022-09-11,Detroit Lions,Philadelphia Eagles,35,38,,,,2.7,2.7,2.95,2.95,1.5,1.42,1.5,1.42,4,4,5.5,5.5,-4,-5.5,-4,-5.5,1.9,1.9,1.9,1.9,1.9,1.9,1.9,1.9,46.5,46.5,48.5,48.5,1.9,1.9,1.9,1.9,1.9,1.9,1.9,1.9,
2022-09-11,Houston Texans,Indianapolis Colts,20,20,Y,,,4,3.7,4,3.75,1.26,1.26,1.29,1.28,8,7,8,7,-8,-8,-7,-7,1.9,1.9,1.9,1.9,1.9,1.9,1.9,1.9,44,44,47,45.5,1.9,1.9,1.9,1.9,1.9,1.9,1.9,1.9,
2022-09-11,Miami Dolphins,New England Patriots,20,7,,,,1.62,1.54,1.71,1.58,2.4,2.2,2.65,2.5,-3,-3.5,-2.5,-3,3,2.5,3.5,3,1.9,1.9,1.9,1.83,1.9,1.9,1.9,2,45,44.5,47,46.5,1.9,1.9,1.9,1.9,1.9,1.9,1.9,1.9,
2022-09-11,New York Jets,Baltimore Ravens,9,24,,,,2.75,2.75,3.65,3.4,1.47,1.3,1.47,1.33,4.5,4.5,7,6.5,-4.5,-7,-4.5,-6.5,1.9,1.9,1.95,1.9,1.9,1.86,1.9,1.9,45,44,45,44,1.9,1.9,1.9,1.9,1.9,1.9,1.9,1.9,
2022-09-11,Washington Commanders,Jacksonville Jaguars,28,22,,,,1.5,1.5,1.74,1.64,2.7,2.15,2.7,2.35,-3.5,-4,-2.5,-3,3.5,2.5,4,3,1.9,1.9,1.9,1.9,1.9,1.9,1.9,1.9,44,43,44,43,1.9,1.9,1.9,1.9,1.9,1.9,1.9,1.9,
2022-09-08,Los Angeles Rams,Buffalo Bills,10,31,,,,1.86,1.86,2.2,2.1,1.95,1.71,1.95,1.76,-1,-1,2.5,2,1,-2.5,1,-2,1.9,1.9,1.9,1.9,1.9,1.9,1.9,1.9,52,52,53,52,1.9,1.9,1.9,1.9,1.9,1.9,1.9,1.9,